source_lang	source_form	source_ipa	target_form	target_ipa	process	provenance	note
eng	bluff		palff		devoicing	parry1923 p.219 §78	ME/NE; initial provection b- > p-
eng	bevel		peval		devoicing	parry1923 p.219 §78	ME/NE; initial provection b- > p-; N. Wales (Carns.)
eng	bit		pit		devoicing	parry1923 p.219 §78	ME/NE; initial provection b- > p-; N. Wales (Carns.)
eng	bitch		pitsh		devoicing	parry1923 p.219 §78	ME/NE; initial provection b- > p-; N. Wales (Carns.)
eng	blackguard		plagiard		devoicing	parry1923 p.219 §78	ME/NE; initial provection b- > p-; N. Wales (Carns.)
eng	blanket		planced		devoicing	parry1923 p.219 §78	ME/NE; initial provection b- > p-; also plancad
eng	block		ploc		devoicing	parry1923 p.219 §78	ME/NE; initial provection b- > p-
eng	bottle		potel		devoicing	parry1923 p.219 §78	ME/NE; initial provection b- > p-
eng	bureau		piwro		devoicing	parry1923 p.219 §78	NE; initial provection b- > p-
eng	bold		powld		devoicing	parry1923 p.219 §78	ME/NE; initial provection b- > p-
eng	bolt		powltan		devoicing	parry1923 p.219 §78	ME/NE; initial provection b- > p-
eng	bank		ponc		devoicing	parry1923 p.219 §78	ME/NE; initial provection b- > p-
eng	dazzle		taslio		devoicing	parry1923 p.219 §78	ME/NE; initial provection d- > t-; N. Wales (Carns.)
eng	destiny		tesni		devoicing	parry1923 p.219 §78	ME/NE; initial provection d- > t-
eng	dite, endite		titio		devoicing	parry1923 p.219 §78	ME/NE; initial provection d- > t-
eng	drop		tropio		devoicing	parry1923 p.219 §78	ME/NE; initial provection d- > t-; form from WS (1547)
eng	draught		tracht		devoicing	parry1923 p.219 §78	ME/NE; initial provection d- > t-; beside dracht
eng	damp		tamp		devoicing	parry1923 p.220 §78	NE; initial provection d- > t-; N. Wales (Carns. dial.)
eng	dip		tip		devoicing	parry1923 p.220 §78	NE; initial provection d- > t-; N. Wales (Carns. dial.), of sheep
eng	dragoons		tragwns		devoicing	parry1923 p.220 §78	NE; initial provection d- > t-; S. Wales (S. Cards.)
eng	gear		cer		devoicing	parry1923 p.220 §78	ME/NE; initial provection g- > c-
eng	gang		ciang		devoicing	parry1923 p.220 §78	NE; initial provection g- > c-; N. Wales (Carns.)
eng	goblin		coblyn		devoicing	parry1923 p.220 §78	ME/NE; initial provection g- > c-
eng	grab		crab		devoicing	parry1923 p.220 §78	ME/NE; initial provection g- > c-
eng	grand		crand		devoicing	parry1923 p.220 §78	NE; initial provection g- > c-; N. Wales (Carns.); usual NW form, cf. yn grand
eng	gooseberries		cwsberins		devoicing	parry1923 p.220 §78	NE; initial provection g- > c-; N. Wales (Carns.)
eng	gusset		cwysed		devoicing	parry1923 p.220 §78	ME/NE; initial provection g- > c-; form in WS
eng	gutter		cwter		devoicing	parry1923 p.220 §78	ME/NE; initial provection g- > c-
eng	goloshes		closhwns		devoicing	parry1923 p.220 §78	NE; initial provection g- > c-
eng	garrison		carsiwn		devoicing	parry1923 p.220 §78	ME/NE; initial provection g- > c-; beside garsiwn
eng	posy		bwysi		substitution	parry1923 p.220 §79	ME/NE; initial voicing p- > b-; beside pwysi
eng	prologue		brolog		substitution	parry1923 p.220 §79	ME/NE; initial voicing p- > b-; sense 'nonsense'
eng	potatoes		bwytatwys		substitution	parry1923 p.220 §79	NE; initial voicing p- > b-; ? influence of bwyta 'to eat'
eng	parley		barli		substitution	parry1923 p.220 §79	NE; initial voicing p- > b-; N. Wales (Carns.), beside parli
eng	carrots		garetsh		substitution	parry1923 p.220 §79	NE; initial voicing c- > g-; S. Wales (Dem. Dial.)
eng	croft		grofft		substitution	parry1923 p.220 §79	ME/NE; initial voicing c- > g-
eng	crowd		growd		substitution	parry1923 p.220 §79	ME/NE; initial voicing c- > g-
eng	knave		cnaf		none	parry1923 p.221 §80	ME; E kn- retained as W cn-
eng	knap		cnap		none	parry1923 p.221 §80	ME; E kn- retained as W cn-
eng	knock		cnoc, cnocio		none	parry1923 p.221 §80	ME; E kn- retained as W cn-
eng	knot		cnot		none	parry1923 p.221 §80	ME; E kn- retained as W cn-
eng	knob		cnwpa		none	parry1923 p.221 §80	ME; E kn- retained as W cn- (with medial provection)
eng	honest		gonest		epenthesis	parry1923 p.221 §81	ME/NE; prosthetic g- before initial vowel; cf. onest
eng	yield		gildio		epenthesis	parry1923 p.221 §81	ME/NE; consonantal i lost, then prosthetic g-; beside ildio
eng	order		gordro		epenthesis	parry1923 p.221 §81	ME/NE; prosthetic g- before initial vowel
eng	guard		giard		glide	parry1923 p.221 §81a	NE (late C18-early C19 E front glide); N. Wales (Carns. dial.)
eng	gate		giat		glide	parry1923 p.221 §81a	NE; front glide after g-; N. Wales (Carns. dial.)
eng	gaffer		giaffar		glide	parry1923 p.221 §81a	NE; front glide after g-; N. Wales (Carns. dial.)
eng	gammocks		giamocs		glide	parry1923 p.221 §81a	NE; front glide after g-; N. Wales (Carns. dial.); cf. ciamocs
eng	gammy		giami		glide	parry1923 p.221 §81a	NE; front glide after g-; N. Wales (Carns. dial.)
eng	game		giam		glide	parry1923 p.221 §81a	NE; front glide after g-; N. Wales (Carns. dial.)
eng	guide		giaid		glide	parry1923 p.221 §81a	NE; front glide after g-; N. Wales (Carns. dial.)
eng	quarrel (ME cuarel)		cwarel		none	parry1923 p.221 §82	ME; qu- retained as cw-
eng	querel		cweryl		none	parry1923 p.221 §82	ME; qu- retained as cw-, 'quarrel'
eng	quart		cwart		none	parry1923 p.221 §82	ME; qu- retained as cw-
eng	quarter		cwarter		none	parry1923 p.221 §82	ME; qu- retained as cw-
eng	question		cwestiwn		none	parry1923 p.221 §82	ME/NE; qu- retained as cw-
eng	quaver		cwafar		none	parry1923 p.222 §82	NE; qu- retained as cw-; form in FC
eng	quills		cwils		none	parry1923 p.222 §82	NE; qu- retained as cw-; form in FC
eng	quails		chwails		substitution	parry1923 p.222 §82	ME/NE; qu- > chw- (initial cw- foreign to W, chw- common)
eng	quarrel, quarry		chwarel		substitution	parry1923 p.222 §82	ME/NE; qu- > chw-
eng	quart		chwart		substitution	parry1923 p.222 §82	ME/NE; qu- > chw-
eng	quarter		chwarter		substitution	parry1923 p.222 §82	ME/NE; qu- > chw-
eng	quintain		chwintan		substitution	parry1923 p.222 §82	ME/NE; qu- > chw-
eng	acquittance		chwitans		substitution	parry1923 p.222 §82	ME/NE; qu- > chw-
eng	quit		chwitio		substitution	parry1923 p.222 §82	ME/NE; qu- > chw-
eng	velvet		felfed		none	parry1923 p.222 §83	ME/NE; E initial v- retained as W f- (=/v/)
eng	vicar		ficar		none	parry1923 p.222 §83	ME/NE; E initial v- retained as W f-
eng	venison		fenswn		none	parry1923 p.222 §83	ME/NE; E initial v- retained as W f-
eng	violet		fioled		none	parry1923 p.222 §83	ME/NE; E initial v- retained as W f-
eng	vervain		berfaen		substitution	parry1923 p.222 §83	ME/NE; v- > b-, as if f- were soft mutation of b-
eng	varnish		bernais		substitution	parry1923 p.222 §83	ME/NE; v- > b-; also barnais
eng	vicar		bicar		substitution	parry1923 p.222 §83	ME/NE; v- > b-; also bicer
eng	victuals		bitel		substitution	parry1923 p.222 §83	ME/NE; v- > b-
eng	villein		bilain		substitution	parry1923 p.222 §83	ME/NE; v- > b-
eng	vernicle		bernagl		substitution	parry1923 p.222 §83	ME/NE; v- > b-
eng	vex		becsio		substitution	parry1923 p.222 §83	NE; v- > b-; form in FC
eng	(ad)vantage		mantais		substitution	parry1923 p.222 §83	ME/NE; v- > m-, as if f- were soft mutation of m-
eng	velvet		melfed		substitution	parry1923 p.222 §83	ME/NE; v- > m-
eng	vizor		miswrn		substitution	parry1923 p.222 §83	ME/NE; v- > m-
eng	vicar		micar		substitution	parry1923 p.222 §83	ME/NE; v- > m-
eng	virgin		mursen		substitution	parry1923 p.222 §83	ME/NE; v- > m-
eng	scarlet		ysgarlat		epenthesis	parry1923 p.223 §84	ME/NE; prosthetic y- before s+stop; 'in colloquial speech this prosthetic y is hardly ever pronounced unless the accent falls on it'
eng	steward		ystiwart		epenthesis	parry1923 p.223 §84	ME/NE; prosthetic y- before s+stop
eng	instrument		ysturmant		epenthesis	parry1923 p.223 §84	ME/NE; prosthetic y- before s+stop (with metathesis)
eng	standard		ystondardd		epenthesis	parry1923 p.223 §84	ME/NE; prosthetic y- before s+stop
eng	chives, cives		seifys		substitution	parry1923 p.223 §85	ME/NE; E c (=s) written s in W
eng	cypress		seiprys		substitution	parry1923 p.223 §85	ME/NE; E c (=s) written s in W
eng	cellar		seler		substitution	parry1923 p.223 §85	ME/NE; E c (=s) written s in W
eng	cingles		singlys		substitution	parry1923 p.223 §85	ME/NE; E c (=s) written s in W
eng	civil		sifil		substitution	parry1923 p.223 §85	ME/NE; E c (=s) written s in W
eng	cinder(s)		sindir		substitution	parry1923 p.223 §85	ME/NE; E c (=s) written s in W
eng	cipher		seiffro		substitution	parry1923 p.223 §85	ME/NE; E c (=s) written s in W
eng	certain		sertein		substitution	parry1923 p.223 §85	ME/NE; E c (=s) written s in W; also serten
eng	slander (ME sclaundre)		ysglandr		epenthesis	parry1923 p.225 §86	ME; sc- kept, prosthetic y-; also sclandr
eng	slate(s) (ME slat, sclat)		ysglatys		epenthesis	parry1923 p.225 §86	ME; sc- kept, prosthetic y-
eng	slant		sglont		none	parry1923 p.225 §86	ME/NE; sc- kept as sg-
eng	slide		sglefr, sglefrio		none	parry1923 p.225 §86	NE; sc- kept as sg-; cf. Scot. sclither
eng	slush		sglwtsh		none	parry1923 p.225 §86	NE; sc- kept as sg-; cf. Scot. sklush
eng	slice (ME sclice)		ysglisen		epenthesis	parry1923 p.225 §86	ME; sc- kept, prosthetic y-
eng	sharp (ME scharp)		siarp		substitution	parry1923 p.225 §86	ME; E sh- represented by W si-
eng	shire (ME shire, schire)		sir		substitution	parry1923 p.225 §86	ME; E sh- > W si-; pronounced shir or sir
eng	shop (ME schoppe)		siop		substitution	parry1923 p.225 §86	ME; E sh- > W si-
eng	Cheap(side) (ME chepe)		Sieb		substitution	parry1923 p.225 §87	ME; E ch- (=tsh) > W si-, no trace of the dental stop
eng	chalk (ME chalk)		sialc		substitution	parry1923 p.226 §87	ME; E ch- (=tsh) > W si-
eng	churl (ME churle)		siwrl		substitution	parry1923 p.226 §87	ME; E ch- (=tsh) > W si-
eng	chimes (ME/OF chimbes)		seims		substitution	parry1923 p.226 §87	ME; E ch- > W si-, s before i
eng	chamber (OF chamberlen)		siambr		substitution	parry1923 p.226 §87	ME; E ch- > W si-
eng	Charles		Siarls		substitution	parry1923 p.226 §87	ME/NE; E ch- > W si-
eng	charge		siars		substitution	parry1923 p.226 §87	ME/NE; E ch- > W si-
eng	chequer		siecr		substitution	parry1923 p.226 §87	ME/NE; E ch- > W si-
eng	chase (ME/OF chace)		sias		substitution	parry1923 p.226 §87	ME; E ch- > W si-
eng	chattel (OF chatel)		siatal		substitution	parry1923 p.226 §87	ME; E ch- > W si-
eng	chance		siawns		substitution	parry1923 p.226 §87	ME/NE; E ch- > W si-
eng	chimney		simnai		substitution	parry1923 p.226 §87	ME/NE; E ch- > W si-, s before i
eng	chancellor		siawnsler		substitution	parry1923 p.226 §87	ME/NE; E ch- > W si-; spelt jaonsler in RBB
eng	chief		siff		substitution	parry1923 p.226 §87	ME/NE; E ch- > W si-
eng	cheer		sir		substitution	parry1923 p.226 §87	ME/NE; E ch- > W si-
eng	ginger		sinsir		substitution	parry1923 p.227 §88	ME/NE; E j/g (=dzh) > si-, becoming s before i; WS transcribes E as tsintsir
eng	gin		sin		substitution	parry1923 p.227 §88	ME/NE; E g (=dzh) > s before i
eng	gipsies		sipsiwn		substitution	parry1923 p.227 §88	ME/NE; E g (=dzh) > s before i
eng	gibbet		sibed		substitution	parry1923 p.227 §88	ME/NE; E g (=dzh) > s before i; cf. shibedu Dem. Dial. (S. Wales)
eng	Jude		Sud		substitution	parry1923 p.227 §88	ME/NE; E j (=dzh) > s before u
eng	Jack		Siac		substitution	parry1923 p.227 §88	ME/NE; E j (=dzh) > W si-
eng	jacket		siaced		substitution	parry1923 p.227 §88	ME/NE; E j (=dzh) > W si-
eng	jerkin		sirken		substitution	parry1923 p.227 §88	ME/NE; E j (=dzh) > W si-; also syrkyn
eng	jewels		siwcls		substitution	parry1923 p.227 §88	ME/NE; E j (=dzh) > W si-; sing. siwelyn
eng	journey		siwrnai		substitution	parry1923 p.227 §88	ME/NE; E j (=dzh) > W si-
eng	George		Siors		substitution	parry1923 p.227 §88	ME/NE; E j (=dzh) > W si-
eng	John		Sion		substitution	parry1923 p.227 §88	ME/NE; E j (=dzh) > W si-; WS transcribes E as tsion
eng	jug		shwc		substitution	parry1923 p.227 §88	NE; E j > sh-; S. Wales (S. Cards.)
eng	welt		gwalt		epenthesis	parry1923 p.228 §89	ME/NE; E initial w- > W gw- (w- foreign to W as radical)
eng	warrant		gwarant		epenthesis	parry1923 p.228 §89	ME/NE; E w- > gw-; ? possibly direct from OF gu-
eng	warden		gwarden		epenthesis	parry1923 p.228 §89	ME/NE; E w- > gw-
eng	wardrobe		gwardrob		epenthesis	parry1923 p.228 §89	ME/NE; E w- > gw-
eng	wassail		gwasel		epenthesis	parry1923 p.228 §89	ME/NE; E w- > gw-; beside wasael
eng	wethers		gwedrod		epenthesis	parry1923 p.228 §89	ME/NE; E w- > gw-
eng	Windsor		Gwinsor		epenthesis	parry1923 p.228 §89	ME/NE; E w- > gw-; cf. Winsawr LGC
eng	wait		gwaetio		epenthesis	parry1923 p.228 §89	ME/NE; E w- > gw-
eng	wire		weir		none	parry1923 p.228 §89	NE; later borrowing, initial w- kept
eng	witchcraft		wiscreft		none	parry1923 p.228 §89	ME/NE; initial w- kept
eng	watch		waets, waits		none	parry1923 p.228 §89	ME/NE; initial w- kept
eng	witch		wits		none	parry1923 p.228 §89	ME/NE; initial w- kept
eng	wiles		weils		none	parry1923 p.228 §89	ME/NE; initial w- kept
eng	wood-knife		wdcneiff		deletion	parry1923 p.228 §89	ME/NE; w- lost before rounded vowel
eng	woodruff		wdrot		deletion	parry1923 p.228 §89	ME/NE; w- lost before rounded vowel
eng	woodward		wtwart		deletion	parry1923 p.228 §89	ME/NE; w- lost before rounded vowel
eng	worsted		wstyd		deletion	parry1923 p.228 §89	ME/NE; w- lost before rounded vowel
eng	whelks		chwalcys		substitution	parry1923 p.230 §90	ME/NE; E wh- (hw) > W chw-
eng	whap		chwap		substitution	parry1923 p.230 §90	ME/NE; E wh- > W chw-
eng	wharf		chwarfan		substitution	parry1923 p.230 §90	ME/NE; E wh- > W chw-
eng	whiff		chwiff		substitution	parry1923 p.230 §90	NE; E wh- > W chw-; form in FC
eng	whitewash		chweitwasio		substitution	parry1923 p.230 §90	NE; E wh- > W chw-; form in FC
eng	whim		chwim		substitution	parry1923 p.230 §90	ME/NE; E wh- > W chw-; also chwimp
eng	whip		chwip, chwipio		substitution	parry1923 p.230 §90	ME/NE; E wh- > W chw-
eng	whirligig		chwrligwgon		substitution	parry1923 p.230 §90	NE; E wh- > W chw-
eng	whistle		chwislo		substitution	parry1923 p.230 §90	NE; E wh- > W chw-; form in FC
eng	Whitney		Chwitnai		substitution	parry1923 p.230 §90	ME/NE; E wh- > W chw-
eng	horrible		oribl		deletion	parry1923 p.230 §92	ME; loss of E initial h-; LGC 165
eng	hostess		ostes		deletion	parry1923 p.230 §92	ME; loss of E initial h-
eng	hostler, ostler		ostler		deletion	parry1923 p.230 §92	ME/NE; loss of E initial h-
eng	Hilary		Ilar		deletion	parry1923 p.230 §92	ME; loss of E initial h-
eng	hermit, eremite		ermitwr		deletion	parry1923 p.230 §92	ME; loss of E initial h-
eng	Milan (steel)		balaen		substitution	parry1923 p.230 §93	ME/NE; initial m- > b-; also belan, bilan, beside melan
eng	mallard		barlat		substitution	parry1923 p.230 §93	ME/NE; initial m- > b-; beside marlat
eng	mule		buwl		substitution	parry1923 p.230 §93	ME/NE; initial m- > b-
eng	marbles		barblis		substitution	parry1923 p.230 §93	NE; initial m- > b-; N. Wales (Carns. dial.), beside marblis
eng	banner		maner		substitution	parry1923 p.231 §94	ME/NE; initial b- > m-; beside baner
eng	bungler		mwngler		substitution	parry1923 p.231 §94	ME/NE; initial b- > m-; beside bwngler
eng	bacon		macynau		substitution	parry1923 p.231 §94	ME/NE; initial b- > m-; plur., beside bacynau
eng	bargain		margen		substitution	parry1923 p.231 §94	ME/NE; initial b- > m-; beside bargen
eng	bugles, beads		mwclis		substitution	parry1923 p.231 §94	NE; initial b- > m-; N. Wales (Carns.), miwglis in S. Cards. (S. Wales)
eng	lawn		lawnt		none	parry1923 p.231 §95	ME/NE; E initial l- retained
eng	lily		lili		none	parry1923 p.231 §95	ME/NE; E initial l- retained
eng	litany		litani		none	parry1923 p.231 §95	ME/NE; E initial l- retained
eng	lavender		lafant		none	parry1923 p.231 §95	ME/NE; E initial l- retained
eng	lamp		lamp		none	parry1923 p.231 §95	ME/NE; E initial l- retained
eng	larder		larder		none	parry1923 p.231 §95	ME/NE; E initial l- retained
eng	loft		lloft		substitution	parry1923 p.231 §95	ME/NE; E l- > W ll- (voiceless unilateral l); also lofft
eng	latimer		lladmerydd		substitution	parry1923 p.231 §95	ME/NE; E l- > W ll-; also ladmer
eng	leopard		llewpard		substitution	parry1923 p.231 §95	ME/NE; E l- > W ll-
eng	loin		llwyn		substitution	parry1923 p.231 §95	ME/NE; E l- > W ll-; also lwyn
eng	recorder		recorder		none	parry1923 p.231 §95	NE; E initial r- retained
eng	ready		redi		none	parry1923 p.231 §95	NE; E initial r- retained
eng	rubble		rwbel		none	parry1923 p.231 §95	NE; E initial r- retained; form in FC
eng	remedy		rhymedi		substitution	parry1923 p.231 §95	ME/NE; E r- > W rh-
eng	ropes		rhobs		substitution	parry1923 p.231 §95	ME/NE; E r- > W rh-
eng	raisin		rhessing		substitution	parry1923 p.231 §95	ME/NE; E r- > W rh-
eng	papers (W papurau)		purau		deletion	parry1923 p.231 §95a	NE; initial haplology in colloquial W; N. Wales (Carns.)
eng	tables		taplas, taplys		devoicing	parry1923 p.232 §97	ME/NE; medial provection of voiced stop before l
eng	pebbles		poplis		devoicing	parry1923 p.232 §97	NE; medial provection before l; S. Wales (Dem. Dial.)
eng	mudguard		mytgard		devoicing	parry1923 p.232 §97	NE; medial provection before w; N. Wales (Carns. dial.)
eng	bedgown		betgwn		devoicing	parry1923 p.232 §97	ME/NE; medial provection before another stop; also becwn
eng	bodkin		bwytkin		devoicing	parry1923 p.232 §97	ME/NE; medial provection; form in WS
eng	cog		cocio		devoicing	parry1923 p.233 §97	ME/NE; medial provection of double voiced stop; cf. cogiwr
eng	piggin		picyn		devoicing	parry1923 p.233 §97	ME/NE; medial provection of double voiced stop
eng	trigger		tricar		devoicing	parry1923 p.233 §97	NE; medial provection; N. Wales (Carns. dial.); but EDD has tricker
eng	india-rubber		inja-rapar		devoicing	parry1923 p.233 §97	NE; medial provection; N. Wales (Carns. dial.)
eng	mud		mwt		devoicing	parry1923 p.233 §97	NE; final provection; S. Wales (S. Cards.)
eng	wethers		gwedrod		devoicing	parry1923 p.233 §98	ME/NE; medial provection d > t after r
eng	scarlet		ysgarllat		devoicing	parry1923 p.233 §98	ME/NE; provection, rl > rll
eng	binding		beintin		devoicing	parry1923 p.233 §98	NE; medial provection d > t; form in FC
eng	caudle		cawtel		devoicing	parry1923 p.233 §98	ME/NE; medial provection d > t
eng	impudence		impitans		devoicing	parry1923 p.233 §98	NE; medial provection d > t; S. Wales (Dem. Dial.)
eng	attercop		adargop		substitution	parry1923 p.233 §99	ME/NE; voicing of E medial voiceless consonant
eng	bagpipes		bagbibau		substitution	parry1923 p.233 §99	ME/NE; voicing of E medial voiceless consonant
eng	breastplate		brestblad		substitution	parry1923 p.233 §99	ME/NE; voicing of E medial voiceless consonant
eng	deputy		debuti		substitution	parry1923 p.233 §99	ME/NE; medial voicing; cf. E debutye (Wyld)
eng	garter(s)		gardas		substitution	parry1923 p.233 §99	ME/NE; medial voicing
eng	welt(s)		gwaldas		substitution	parry1923 p.233 §99	ME/NE; medial voicing
eng	Leicester		Lesedr		substitution	parry1923 p.233 §99	ME/NE; medial voicing; also Layssedr
eng	scapular		ysgablar		substitution	parry1923 p.233 §99	ME/NE; medial voicing
eng	spikenard		ysbignardd		substitution	parry1923 p.233 §99	ME/NE; medial voicing
eng	Jupiter		Subiter		substitution	parry1923 p.233 §99	ME/NE; medial voicing; cf. E Jubyter (Wyld)
eng	proclamation		progklamashiwn		substitution	parry1923 p.233 §99	ME/NE; medial voicing
eng	foumart		ffwlbert		substitution	parry1923 p.233 §100	ME/NE; medial b for w
eng	cavalier		cablir		substitution	parry1923 p.233 §100	NE; medial b for v; cf. E C16 cabbaleer
eng	trespass		tresmas		substitution	parry1923 p.233 §100	ME/NE; medial m for p
eng	chimney		shimle		substitution	parry1923 p.233 §100	NE; medial l for n; S. Wales (Dem. Dial.); cf. simdda Carns.
eng	mangonel		mangddel		substitution	parry1923 p.233 §100	ME/NE; medial dd for n
eng	surveyor		sylfuar		substitution	parry1923 p.233 §100	NE; dissimilation; N. Wales (Carns.)
eng	barrel		balir		metathesis	parry1923 p.234 §100	ME/NE; metathesis, for baril
eng	alderman		aldramon		metathesis	parry1923 p.234 §100	ME/NE; metathesis of r
eng	oriel, lumber-room		olier		metathesis	parry1923 p.234 §100	NE; metathesis; S. Wales (S. Cards.)
eng	ignorant		ingrant		metathesis	parry1923 p.234 §100	ME/NE; metathesis; cf. E C16 yngnorant; also ingront
eng	exact		cysact		metathesis	parry1923 p.234 §100	NE; E ex- > cys- in dialect; N. Wales (Carns.)
eng	examine		cysamio		metathesis	parry1923 p.234 §100	NE; E ex- > cys-; N. Wales (Carns.); also cysam 'exam'
eng	power		pwfer		epenthesis	parry1923 p.234 §100	ME/NE; E uw > W f, or epenthetic f
eng	allow		lwfio		epenthesis	parry1923 p.234 §100	NE; epenthetic f; cf. lwfans 'allowance'
eng	cavalry		cafaltri		epenthesis	parry1923 p.234 §101	NE; addition of medial consonant; S. Wales (Dem. Dial.)
eng	commodore		combador		epenthesis	parry1923 p.234 §101	NE; addition of medial consonant, sense 'foreman'; S. Wales (Dem. Dial.)
eng	foolery		ffwlbri		epenthesis	parry1923 p.234 §101	NE; addition of medial consonant
eng	bottle		petrel		epenthesis	parry1923 p.234 §101	NE; addition of medial consonant; S. Wales (Dem. Dial.); cf. potel
eng	Henry		Hendri		epenthesis	parry1923 p.234 §101	ME/NE; parasitic d, cf. F vendredi
eng	ambes as		ambisas		deletion	parry1923 p.235 §101	ME; loss of consonant in group
eng	ambler		amler		deletion	parry1923 p.235 §101	ME/NE; loss of b in group
eng	character		cantor		deletion	parry1923 p.235 §101	NE; loss in group; N. Wales (Carns.); also carictor
eng	cartridge		catris		deletion	parry1923 p.235 §101	NE; loss of r in group; N. Wales (Carns.)
eng	company		cwmni		deletion	parry1923 p.235 §101	ME/NE; loss of p in group
eng	consider		cysidro		deletion	parry1923 p.235 §101	ME/NE; loss of n; also considro
eng	consumption		consymsiwn		deletion	parry1923 p.235 §101	NE; loss of p in group
eng	conceit		cyset		deletion	parry1923 p.235 §101	ME/NE; loss of n
eng	customer		cwsmer		deletion	parry1923 p.235 §101	ME/NE; loss of t in group
eng	frying-pan		ffrimpan		deletion	parry1923 p.235 §101	ME/NE; ng > n, n > m before p
eng	huntsmen		hynsmen		deletion	parry1923 p.235 §101	ME/NE; loss of t in group
eng	lampblack		lemlac		deletion	parry1923 p.235 §101	NE; loss in group; S. Wales (Dem. Dial.)
eng	Margaret		Marged		deletion	parry1923 p.235 §101	ME; dissimilatory loss of r, from Margred
eng	partridge		petris		deletion	parry1923 p.235 §101	ME/NE; loss of r in group
eng	stumble		siwmlo		deletion	parry1923 p.235 §101	ME; loss of t; cf. E C15 stumle
eng	temptation		temtasiwn		deletion	parry1923 p.235 §101	ME/NE; loss of p in group
eng	turnpike		tyrpeg		deletion	parry1923 p.235 §101	NE; loss of n in group; also tyrpag
eng	safe-conduct		secwndid		deletion	parry1923 p.235 §101	ME; from ME saf coundyte
eng	submit		smit, smitio		deletion	parry1923 p.235 §101	NE; loss of ub; form in FC
eng	arches		artsus		substitution	parry1923 p.236 §103	ME/NE; medial E tch/ch (=tsh) > W ts/si
eng	catchpoll		ceisbwl		substitution	parry1923 p.236 §103	ME; medial tsh > s before consonant
eng	fletcher		fleitsier		substitution	parry1923 p.236 §103	ME/NE; medial tsh > tsi before vowel
eng	hatchet		haitsiet		substitution	parry1923 p.236 §103	ME/NE; medial tsh > tsi
eng	hetchell		heislan		substitution	parry1923 p.236 §103	ME/NE; medial tsh > s before consonant
eng	merchant		marsiand		substitution	parry1923 p.236 §103	ME/NE; medial tsh > si; also mershiand
eng	match		matsio		substitution	parry1923 p.236 §103	NE; medial tsh > tsi
eng	parchment		parsment		substitution	parry1923 p.236 §103	ME/NE; medial tsh > s before consonant
eng	pitcher		piser		substitution	parry1923 p.236 §103	ME/NE; medial tsh > s
eng	Richmond		Rhismwnd		substitution	parry1923 p.236 §103	ME/NE; medial tsh > s before consonant
eng	scutcheon		scwtsiwn		substitution	parry1923 p.236 §103	ME/NE; medial tsh > tsi
eng	satchel		setsiel		substitution	parry1923 p.236 §103	ME/NE; medial tsh > tsi; form in WS
eng	attachment		taitsment		substitution	parry1923 p.236 §103	ME/NE; medial tsh > ts
eng	trencher		treinsiwr		substitution	parry1923 p.236 §103	ME/NE; medial tsh > si
eng	Richard		Rhisiart		substitution	parry1923 p.236 §103	ME/NE; medial tsh > si
eng	Lichfield		Litsfild		substitution	parry1923 p.236 §103	ME/NE; medial tsh > ts
eng	angel		ainsiel		substitution	parry1923 p.236 §104	ME/NE; medial E j/g (=dzh) > W si; also aitsiel
eng	Anjou		Aensio		substitution	parry1923 p.236 §104	ME; medial dzh > si
eng	Bridget		Bridsied		substitution	parry1923 p.236 §104	ME/NE; medial dzh > dsi
eng	Bruges		Brudsys		substitution	parry1923 p.236 §104	ME/NE; medial dzh > dsi; form in WS
eng	bougette		bwytsiet		substitution	parry1923 p.236 §104	ME; medial dzh > tsi; form in WS
eng	conjure		consurio		substitution	parry1923 p.236 §104	ME/NE; medial dzh > s before u; cf. cwnsheri Dem. Dial. (S. Wales)
eng	dungeon		dwynsiwn		substitution	parry1923 p.236 §104	ME/NE; medial dzh > si
eng	habergeon		habrsiwn		substitution	parry1923 p.236 §104	ME/NE; medial dzh > si
eng	manger		mansier		substitution	parry1923 p.236 §104	ME/NE; medial dzh > si
eng	Roger		Roesier		substitution	parry1923 p.236 §104	ME/NE; medial dzh > si; also Roedgier
eng	sergeant		sarsiant		substitution	parry1923 p.236 §104	ME/NE; medial dzh > si; WS has serdsiant
eng	burgess (ME burgeys)		bwrdais		deletion	parry1923 p.237 §104	ME; dissimilatory loss of s from *bwrdsais; MW bwrdeis
eng	largess		lerdies		deletion	parry1923 p.237 §104	ME; probably for *lerdsies; also lardies
eng	wages		waedys		deletion	parry1923 p.237 §104	ME/NE; probably for *waedsys; cf. waedgys
eng	badges		baedys		deletion	parry1923 p.237 §104	ME/NE; probably for *baedsys; Bod.
eng	commission		comisiwn		substitution	parry1923 p.237 §105	ME/NE; E -si-/-ti- (= sh) > W -si-
eng	devotion		defosiwn		substitution	parry1923 p.237 §105	ME/NE; E -ti- (= sh) > W -si-
eng	nation		nasiwn		substitution	parry1923 p.237 §105	ME/NE; E -ti- (= sh) > W -si-
eng	passion		pasiwn		substitution	parry1923 p.237 §105	ME/NE; E -si- (= sh) > W -si-
eng	pension		pensiwn		substitution	parry1923 p.237 §105	ME/NE; E -si- (= sh) > W -si-
eng	session		sesiwn		substitution	parry1923 p.237 §105	ME/NE; E -si- (= sh) > W -si-
eng	unction		wngsiwn		substitution	parry1923 p.237 §105	ME/NE; E -ti- (= sh) > W -si-
eng	azure		asur		substitution	parry1923 p.237 §106	ME/NE; E zh not reflected in W; W has s
eng	measure		mesur		substitution	parry1923 p.237 §106	ME/NE; E zh not reflected; W has s
eng	tonsure		tonsur		substitution	parry1923 p.237 §106	ME/NE; W has s
eng	pleasure		pleser		substitution	parry1923 p.237 §106	ME/NE; W has s
eng	adventure		antur		none	parry1923 p.238 §107	ME; borrowed before the C17 E change of t+u to tsh
eng	fortune		ffortun		none	parry1923 p.238 §107	ME; borrowed before the C17 E tsh change
eng	nature		natur		none	parry1923 p.238 §107	ME; borrowed before the C17 E tsh change
eng	question		cwestiwn		none	parry1923 p.238 §108	ME; C17 E change of ti to tsh not reflected
eng	picture		pictiwr		none	parry1923 p.238 §108	ME; C17 E change of ti to tsh not reflected
eng	bushel		bwysel		substitution	parry1923 p.238 §109	ME/NE; E medial sh > W si before vowel
eng	dish-meat		dismed		substitution	parry1923 p.238 §109	ME/NE; E medial sh > W s before consonant; Bod.
eng	usher		usier		substitution	parry1923 p.238 §109	ME/NE; E medial sh > W si
eng	washhouse		washws		substitution	parry1923 p.238 §109	ME/NE; E medial sh; N. Wales
eng	worship		wrsip		substitution	parry1923 p.238 §109	ME/NE; sh > s before i; also wrsib
eng	treasure		tryzor		substitution	parry1923 p.238 §110	ME; no z-sound in W, normally s; rare trace of z (Car. Mag.)
eng	palm		palm		none	parry1923 p.238 §111	ME; borrowed with l still retained, before E loss of l before labial (C15)
eng	palmer		palmer		none	parry1923 p.238 §111	ME; l retained before labial
eng	psalm		salm		none	parry1923 p.238 §111	ME; l retained before labial
eng	Malmsey		Malmsai		none	parry1923 p.238 §111	ME; l retained before labial
eng	balk		balc		none	parry1923 p.238 §111	ME; l retained before k
eng	chalk		sialc		none	parry1923 p.238 §111	ME; l retained before k
eng	stalk		ystalkio, stelkian		none	parry1923 p.238 §111	ME; l retained; form in WS
eng	tide		teit		devoicing	parry1923 p.240 §113	ME/NE; E final voiced stop becomes voiceless; still heard in Carns. (N. Wales)
eng	Cupid		Ciwpit		devoicing	parry1923 p.240 §113	ME/NE; E final voiced stop becomes voiceless
eng	ape		ab		substitution	parry1923 p.240 §114	ME; final -p > -b after long vowel in monosyllable
eng	cope		cob		substitution	parry1923 p.240 §114	ME; final -p > -b
eng	hoop (measure)		hobaid		substitution	parry1923 p.240 §114	ME; final -p > -b
eng	grapes		grabs		substitution	parry1923 p.240 §114	ME/NE; final -p > -b
eng	pope		pab		substitution	parry1923 p.240 §114	ME; final -p > -b
eng	pipe		pib		substitution	parry1923 p.240 §114	ME; final -p > -b
eng	shape		siab		substitution	parry1923 p.240 §114	ME; final -p > -b
eng	gossip		gossib		substitution	parry1923 p.240 §114	ME/NE; final -p > -b in polysyllable
eng	wardrobe		gwardrob		substitution	parry1923 p.240 §114	ME/NE; final -p > -b
eng	hyssop		isob		substitution	parry1923 p.240 §114	ME/NE; final -p > -b
eng	sinople		sinobl		substitution	parry1923 p.240 §114	ME; final -pl > -bl
eng	coat		cod		substitution	parry1923 p.241 §114	ME/NE; final -t > -d; also coit, cot
eng	fleet		fflyd		substitution	parry1923 p.241 §114	ME/NE; final -t > -d
eng	groat		grod		substitution	parry1923 p.241 §114	ME/NE; final -t > -d
eng	plate		plad		substitution	parry1923 p.241 §114	ME/NE; final -t > -d; cf. plat
eng	escheat		sied		substitution	parry1923 p.241 §114	ME; final -t > -d
eng	estate		ystad		substitution	parry1923 p.241 §114	ME; final -t > -d
eng	basket		basged		substitution	parry1923 p.241 §114	ME/NE; final -t > -d in polysyllable
eng	bonnet		bwned		substitution	parry1923 p.241 §114	ME/NE; final -t > -d
eng	carpet		carped		substitution	parry1923 p.241 §114	ME/NE; final -t > -d
eng	clicket		cliced		substitution	parry1923 p.241 §114	ME/NE; final -t > -d
eng	conduit		cwndid		substitution	parry1923 p.241 §114	ME/NE; final -t > -d
eng	coverlet		cwrlid		substitution	parry1923 p.241 §114	ME/NE; final -t > -d
eng	doublet		dwbled		substitution	parry1923 p.241 §114	ME/NE; final -t > -d
eng	hermit		ermid		substitution	parry1923 p.241 §114	ME; final -t > -d
eng	velvet		felfed		substitution	parry1923 p.241 §114	ME/NE; final -t > -d
eng	forfeit		fforffed		substitution	parry1923 p.241 §114	ME/NE; final -t > -d
eng	harlot (ME herlot)		herlod		substitution	parry1923 p.241 §114	ME; final -t > -d
eng	pocket		poced		substitution	parry1923 p.241 §114	ME/NE; final -t > -d
eng	prelate		prelad		substitution	parry1923 p.241 §114	ME; final -t > -d
eng	profit		proffid		substitution	parry1923 p.241 §114	ME/NE; final -t > -d
eng	jacket		siaced		substitution	parry1923 p.241 §114	ME/NE; final -t > -d
eng	trumpet		trwmped		substitution	parry1923 p.241 §114	ME/NE; final -t > -d
eng	statute		ystatud		substitution	parry1923 p.241 §114	ME; final -t > -d
eng	scarlet		ysgarlad		substitution	parry1923 p.241 §114	ME/NE; final -t > -d
eng	Talbot		Talbod		substitution	parry1923 p.241 §114	ME; final -t > -d
eng	cloak		clog		substitution	parry1923 p.241 §114	ME; final -c > -g
eng	coop		cwb		substitution	parry1923 p.241 §114	ME/NE; final -c > -g
eng	duke		dug		substitution	parry1923 p.241 §114	ME; final -c > -g
eng	spoke		spogen		substitution	parry1923 p.241 §114	ME/NE; final -c > -g
eng	stake		ystag		substitution	parry1923 p.241 §114	ME; final -c > -g
eng	cassock		casog		substitution	parry1923 p.241 §114	ME/NE; final -c > -g
eng	chronicle		cronigl		substitution	parry1923 p.241 §114	ME/NE; final -cle > -gl; also cronig
eng	vernicle		fernagl		substitution	parry1923 p.241 §114	ME; final -cle > -gl
eng	garlic		garlleg		substitution	parry1923 p.241 §114	ME/NE; final -c > -g
eng	goshawk		gosawg		substitution	parry1923 p.241 §114	ME; final -c > -g
eng	havoc		hafog		substitution	parry1923 p.241 §114	ME/NE; final -c > -g
eng	mattock		matog		substitution	parry1923 p.241 §114	ME/NE; final -c > -g
eng	miracle		miragl		substitution	parry1923 p.241 §114	ME; final -cle > -gl
eng	music		miwsig		substitution	parry1923 p.241 §114	ME/NE; final -c > -g; also musig
eng	pinnacle		pinagl		substitution	parry1923 p.241 §114	ME; final -cle > -gl
eng	tabernacle		tabernagl		substitution	parry1923 p.241 §114	ME/NE; final -cle > -gl
eng	treacle		triagl		substitution	parry1923 p.241 §114	ME; final -cle > -gl
eng	cap		cap		none	parry1923 p.241 §115	ME/NE; final -p kept after short vowel in monosyllable
eng	clap		clap		none	parry1923 p.241 §115	ME/NE; final -p kept after short vowel
eng	knap		cnap		none	parry1923 p.242 §115	ME; final -p kept after short vowel
eng	knot		cnot		none	parry1923 p.242 §115	ME; final -t kept after short vowel
eng	hat		het		none	parry1923 p.242 §115	ME/NE; final -t kept after short vowel
eng	pluck		plwc		none	parry1923 p.242 §115	ME/NE; final -c kept after short vowel
eng	slut		slwt		none	parry1923 p.242 §115	ME/NE; final -t kept after short vowel
eng	fold		ffolt		devoicing	parry1923 p.242 §116	NE; final -ld > -lt; N. Wales (Carns.); BC has ffollt
eng	gild (payment)		gilt		devoicing	parry1923 p.242 §116	ME/NE; final -ld > -lt
eng	gold		golt		devoicing	parry1923 p.242 §116	ME/NE; final -ld > -lt
eng	mould		molt		devoicing	parry1923 p.242 §116	ME/NE; final -ld > -lt
eng	diamond		deiamwnt		devoicing	parry1923 p.242 §116	ME/NE; final -nd > -nt
eng	Edmund		Edmwnt		devoicing	parry1923 p.242 §116	ME/NE; final -nd > -nt
eng	garland		garlant		devoicing	parry1923 p.242 §116	ME/NE; final -nd > -nt; also gerlant
eng	ground		grwnt		devoicing	parry1923 p.242 §116	ME/NE; final -nd > -nt
eng	Holland		Hwlont		devoicing	parry1923 p.242 §116	ME/NE; final -nd > -nt; but cf. holand PT
eng	England		Inglont		devoicing	parry1923 p.242 §116	ME/NE; final -nd > -nt
eng	lawn, laund		lawnt		devoicing	parry1923 p.242 §116	ME/NE; final -nd > -nt
eng	sand		swnt		devoicing	parry1923 p.242 §116	ME/NE; final -nd > -nt
eng	stand		stont		devoicing	parry1923 p.242 §116	NE; final -nd > -nt; N. Wales (Carns.)
eng	lavender		lafant		devoicing	parry1923 p.242 §116	ME/NE; final -nd > -nt
eng	turpentine		twrpant		devoicing	parry1923 p.242 §116	ME/NE; final -nd > -nt
eng	provender		profant		devoicing	parry1923 p.242 §116	ME/NE; final -nd > -nt
eng	pound		punt		devoicing	parry1923 p.242 §116	ME/NE; final -nd > -nt
eng	bayard		baeart		devoicing	parry1923 p.242 §116	ME; final -rd > -rt
eng	baselard		baslart		devoicing	parry1923 p.242 §116	ME; final -rd > -rt
eng	bastard		bastart		devoicing	parry1923 p.242 §116	ME; final -rd > -rt
eng	board		bort		devoicing	parry1923 p.242 §116	ME/NE; final -rd > -rt
eng	cord		cort		devoicing	parry1923 p.242 §116	ME/NE; final -rd > -rt
eng	cupboard		cwpwrt		devoicing	parry1923 p.243 §116	ME/NE; final -rd > -rt; LGC 95
eng	custard		cwstart		devoicing	parry1923 p.243 §116	ME/NE; final -rd > -rt; colloq. Carns. cwstat (r omitted)
eng	Edward		Edwart		devoicing	parry1923 p.243 §116	ME/NE; final -rd > -rt; colloq. Carns. Edwat
eng	goddard		godart		devoicing	parry1923 p.243 §116	ME; final -rd > -rt
eng	guard		gwart		devoicing	parry1923 p.243 §116	ME/NE; final -rd > -rt
eng	halberd		halbart		devoicing	parry1923 p.243 §116	ME/NE; final -rd > -rt
eng	leopard		llewpart		devoicing	parry1923 p.243 §116	ME; final -rd > -rt
eng	mustard		mwstart		devoicing	parry1923 p.243 §116	ME/NE; final -rd > -rt
eng	reward		rhywart		devoicing	parry1923 p.243 §116	ME/NE; final -rd > -rt
eng	standard		stondart		devoicing	parry1923 p.243 §116	ME/NE; final -rd > -rt
eng	woodward		wdwart		devoicing	parry1923 p.243 §116	ME/NE; final -rd > -rt; also wtwart
eng	Herbert		Herbard		substitution	parry1923 p.243 §117	ME/NE; opposite change, final -rt > -rd
eng	welt (ME walte, welte)		gwald		substitution	parry1923 p.243 §117	ME; final -lt > -ld; cf. gwaldas
eng	rent		rend		substitution	parry1923 p.243 §117	ME/NE; final -nt > -nd
eng	bastard		bastardd		substitution	parry1923 p.243 §118	ME; final -rd > W -rdd (spirant)
eng	board		bwrdd		substitution	parry1923 p.243 §118	ME/NE; final -rd > W -rdd
eng	comfort		cwnffwrd		substitution	parry1923 p.243 §118	ME/NE; final -rt > -rd/-rdd; also conffordd
eng	cupboard		cwpwrdd		substitution	parry1923 p.243 §118	ME/NE; final -rd > W -rdd
eng	murder		mwrddro		substitution	parry1923 p.243 §118	ME/NE; final -rd > W -rdd; cf. mwrdwr, the usual form
eng	mustard		mwstardd		substitution	parry1923 p.243 §118	ME/NE; final -rd > W -rdd; also mwstarth
eng	spikenard		ysbignardd		substitution	parry1923 p.243 §118	ME/NE; final -rd > W -rdd
eng	standard		ystondardd		substitution	parry1923 p.243 §118	ME/NE; final -rd > W -rdd
eng	covert		cyfarth		substitution	parry1923 p.243 §118	NE; final -rt > W -rth; N. Wales (Denbighshire); cf. cwfert
eng	bolt		bollt		substitution	parry1923 p.244 §119	ME/NE; final -lt > W -llt (voiceless unilateral l)
eng	fold		ffollt		substitution	parry1923 p.244 §119	ME/NE; final -ld > W -llt; cf. ffolt
eng	malt		mallt		substitution	parry1923 p.244 §119	ME/NE; final -lt > W -llt
eng	Oswald		Oswallt		substitution	parry1923 p.244 §119	ME/NE; final -ld > W -llt; cf. Croes Oswallt 'Oswestry'
eng	welt		gwalltysu		substitution	parry1923 p.244 §119	ME/NE; final -lt > W -llt, verb 'to welt'
eng	griddle		gradell		substitution	parry1923 p.244 §120	ME/NE; E final -l(l) > W -ll
eng	riddle, sieve		rhidyll		substitution	parry1923 p.244 §120	ME/NE; E final -l(l) > W -ll
eng	mackerel		macrell		substitution	parry1923 p.244 §120	ME/NE; E final -l(l) > W -ll
eng	pool, pit		pwll		substitution	parry1923 p.244 §120	ME/NE; E final -l(l) > W -ll
eng	toll, tax		toll		substitution	parry1923 p.244 §120	ME/NE; E final -l(l) > W -ll
eng	tun, ton		tunnell		substitution	parry1923 p.244 §120	ME/NE; E final -l(l) > W -ll
eng	trail		traill		substitution	parry1923 p.244 §120	ME/NE; E final -l(l) > W -ll; Bod.
eng	broach		brosio		substitution	parry1923 p.245 §121	ME/NE; E final -ch (tsh) > W s, no i finally; also broitsio
eng	couch		cwtsio		substitution	parry1923 p.245 §121	ME/NE; final tsh > ts(i); Bod.; cwtsho 'to crouch' Dem. Dial. (S. Wales)
eng	clench		cleinsio		substitution	parry1923 p.245 §121	ME/NE; final tsh > s(i)
eng	ostrich		estrys		substitution	parry1923 p.245 §121	ME/NE; final tsh > s
eng	Goodrich		Gwdrys		substitution	parry1923 p.245 §121	ME/NE; final tsh > s
eng	hatch		haits		substitution	parry1923 p.245 §121	ME/NE; final tsh > ts; form in WS
eng	match		maits		substitution	parry1923 p.245 §121	ME/NE; final tsh > ts; form in WS
eng	march		mars		substitution	parry1923 p.245 §121	ME/NE; final tsh > s
eng	partridge (ME pertriche)		petris		substitution	parry1923 p.245 §121	ME; final tsh > s; also partris
eng	parch		peirsio		substitution	parry1923 p.245 §121	ME/NE; final tsh > si before vowel
eng	porch		ports		substitution	parry1923 p.245 §121	ME/NE; final tsh > ts; form in WS
eng	torch		tors		substitution	parry1923 p.245 §121	ME/NE; final tsh > s
eng	touch		twyts		substitution	parry1923 p.245 §121	ME/NE; final tsh > ts; twytsio 'to touch'
eng	Sandwich		Sandwis		substitution	parry1923 p.245 §121	ME/NE; final tsh > s
eng	badge		baeds		substitution	parry1923 p.245 §122	ME/NE; E final -g(e) (dzh) > W -s/-ds; form in WS
eng	cage		caets		substitution	parry1923 p.245 §122	ME/NE; final dzh > ts/s; also caes
eng	carriage		karias		substitution	parry1923 p.245 §122	ME/NE; final dzh > s; form in WS
eng	college		colas		substitution	parry1923 p.245 §122	ME/NE; final dzh > s
eng	voyage		veyads		substitution	parry1923 p.245 §122	ME/NE; final dzh > ds; form in WS
eng	lineage		lines		substitution	parry1923 p.245 §122	ME/NE; final dzh > s
eng	vantage		mantais		substitution	parry1923 p.245 §122	ME/NE; final dzh > s; cf. montesh Dem. Dial. (S. Wales)
eng	mortgage		mortgaeds		substitution	parry1923 p.245 §122	ME/NE; final dzh > ds
eng	horologe		orloes		substitution	parry1923 p.245 §122	ME; final dzh > s
eng	page		paits		substitution	parry1923 p.245 §122	ME/NE; final dzh > ts; also payds
eng	Penbridge		Penbrys		substitution	parry1923 p.245 §122	ME/NE; final dzh > s
eng	pottage		potaes		substitution	parry1923 p.245 §122	ME; final dzh > s; also potes
eng	purge		pwrtsio		substitution	parry1923 p.245 §122	ME/NE; final dzh > tsi before vowel
eng	sage		saes		substitution	parry1923 p.245 §122	ME; final dzh > s; also saets
eng	challenge		sialens		substitution	parry1923 p.245 §122	ME/NE; final dzh > s; sialensio 'to challenge'
eng	siege		sis		substitution	parry1923 p.245 §122	ME; final dzh > s; also sits
eng	outrage		wtres		substitution	parry1923 p.245 §122	ME; final dzh > s; wtreswr occurs
eng	sponge		ysbwins		substitution	parry1923 p.245 §122	ME/NE; final dzh > s
eng	scourge		ysgwrs		substitution	parry1923 p.245 §122	ME/NE; final dzh > s
eng	branch		braens		substitution	parry1923 p.245 §123	ME/NE; E final sh/ch (=sh) > W s
eng	brush		brws		substitution	parry1923 p.245 §123	ME/NE; final sh > s; brwysio 'to brush'
eng	varnish		bernais		substitution	parry1923 p.245 §123	ME/NE; final sh > s
eng	fresh		ffres		substitution	parry1923 p.245 §123	ME/NE; final sh > s; also ffrais
eng	Rhenish (wine)		rainis		substitution	parry1923 p.246 §123	ME; final sh > s; ID 19
eng	skirmish		ysgarmes		substitution	parry1923 p.246 §123	ME/NE; final sh > s
eng	Spanish		Spaenis		substitution	parry1923 p.246 §123	ME/NE; final sh > s; also Sbanis
eng	flash		fflach		substitution	parry1923 p.246 §123	ME/NE; E sh represented by W guttural spirant ch
eng	lash		llach		substitution	parry1923 p.246 §123	ME/NE; E sh represented by W guttural spirant ch
eng	grease		gresh		substitution	parry1923 p.246 §124	NE; W s > sh in dialect; S. Wales (Dem. Dial.)
eng	box(-tree)		bocys		substitution	parry1923 p.246 §125	ME/NE; E final -x (ks) > W -cs
eng	kex		cecysen		substitution	parry1923 p.246 §125	ME/NE; E final -x (ks) > W -cs, elements separated
eng	pickaxe		picas		deletion	parry1923 p.246 §125	ME/NE; k element of -x lost
eng	Bordeaux		Bwrdios		substitution	parry1923 p.246 §125	ME; borrowed while s still pronounced in E
eng	Devereux		Defras		substitution	parry1923 p.246 §125	ME; borrowed while s still pronounced in E
eng	button (ME bothum)		botwm		substitution	parry1923 p.246 §126	ME; final -n > -m; also bwtwn; ME had both
eng	cotton		cotwm		substitution	parry1923 p.246 §126	ME/NE; final -n > -m
eng	dragon		dragwm		substitution	parry1923 p.246 §126	ME/NE; final -n > -m; beside dragwn
eng	latten		latwm		substitution	parry1923 p.246 §126	ME/NE; final -n > -m
eng	maintain		maentumio		substitution	parry1923 p.247 §126	ME/NE; final -n > -m
eng	pattern		patrwm		substitution	parry1923 p.247 §126	ME/NE; final -n > -m; also patrwn
eng	reason		rheswm		substitution	parry1923 p.247 §126	ME/NE; final -n > -m
eng	saffron		saffrwm		substitution	parry1923 p.247 §126	ME/NE; final -n > -m
eng	baston		pastwm		substitution	parry1923 p.247 §126	ME/NE; final -n > -m; N. Wales (Carns. dial.); cf. pastwn
eng	stallion		stalwm		substitution	parry1923 p.247 §126	NE; final -n > -m; N. Wales (Carns. dial.)
eng	engine		injam		substitution	parry1923 p.247 §126	NE; final -n > -m; Merioneth
eng	Durham		Duran		substitution	parry1923 p.246 §126	ME/NE; opposite change, final -m > -n; LGC 357
eng	bowline		bowling		substitution	parry1923 p.247 §126	ME/NE; final -n > -ng; form in WS
eng	coffin		coffing		substitution	parry1923 p.247 §126	NE; final -n > -ng; S. Wales (parts of SW)
eng	Catherine		Catring		substitution	parry1923 p.247 §126	ME/NE; final -n > -ng
eng	dozen		dwsing		substitution	parry1923 p.247 §126	ME/NE; final -n > -ng
eng	florin		ffloring		substitution	parry1923 p.247 §126	ME/NE; final -n > -ng; E had floring in C15; also fflwring
eng	raisin(s)		rhesing		substitution	parry1923 p.247 §126	ME/NE; final -n > -ng
eng	skein		scaing		substitution	parry1923 p.247 §126	NE; final -n > -ng; S. Wales (Dem. Dial.)
eng	inn		ring		substitution	parry1923 p.247 §126	NE; final -n > -ng, from yr ing; N. Wales (Carns.)
eng	coney (E conyng)		cwning		substitution	parry1923 p.248 §127	ME; E final -ng > W simple nasal guttural
eng	soldering		sawdring		substitution	parry1923 p.248 §127	ME/NE; E final -ng > W -ng
eng	pudding		pwding		substitution	parry1923 p.248 §127	ME/NE; E final -ng > W -ng
eng	dubbing		dwbin		substitution	parry1923 p.248 §127	ME/NE; E final -ng > W -n
eng	pudding		pwdin		substitution	parry1923 p.248 §127	ME/NE; E final -ng > W -n
eng	fairing		fferin		substitution	parry1923 p.248 §127	NE; E final -ng > W -n; plur. fferins, fferineu
eng	draught (ME draht, draght)		dracht		none	parry1923 p.249 §128	ME; guttural spirant preserved as W ch; early borrowing
eng	flight		fflicht		none	parry1923 p.249 §128	ME; guttural spirant preserved as W ch; form in WS; also fflichd, ffleicht
eng	slaughter		slachtar		none	parry1923 p.249 §128	ME/NE; guttural preserved; S. Wales (S. Cards.), sense 'mess'
eng	corner		cornel		substitution	parry1923 p.249 §129	ME/NE; final -r > -l by dissimilation r...r > r...l
eng	dresser		dresal		substitution	parry1923 p.249 §129	NE; final -r > -l; N. Wales (Carns.)
eng	razor		rasal		substitution	parry1923 p.249 §129	NE; final -r > -l; N. Wales (Carns.)
eng	sulphur		syffal		substitution	parry1923 p.249 §129	NE; final -r > -l; form in FC
eng	dulcimer		dwsmel		substitution	parry1923 p.249 §129	ME/NE; final -r > -l
eng	colonel		cornor		substitution	parry1923 p.249 §129	ME/NE; final -l > -r
eng	false		ffalst		epenthesis	parry1923 p.249 §130	ME/NE; addition of final t after -s
eng	fierce		ffirst		epenthesis	parry1923 p.249 §130	NE; addition of final t after -s; S. Wales (Dem. Dial.)
eng	pendice, pentice		pendist		epenthesis	parry1923 p.249 §130	ME/NE; addition of final t after -s
eng	truce		triwst		epenthesis	parry1923 p.249 §130	NE; addition of final t after -s; N. Wales (Carns.)
eng	griffon		gryffwnt		epenthesis	parry1923 p.249 §130	ME/NE; addition of final t after -n
eng	Simon		Simwnt		epenthesis	parry1923 p.249 §130	ME; addition of final t after -n; RBB 378
eng	Stephen		Ystyphant		epenthesis	parry1923 p.249 §130	ME; addition of final t after -n
eng	hetchell		heisyllt		epenthesis	parry1923 p.249 §130	ME/NE; addition of final t after -ll; form in WS
eng	ton		tunnallt		epenthesis	parry1923 p.250 §130	NE; addition of final t after -ll; N. Wales (Carns.); cf. tunnell
eng	telegraph		teligrafft		epenthesis	parry1923 p.250 §130	NE; epithetic t after -ff; N. Wales (Carns.)
eng	shelf		silfft		epenthesis	parry1923 p.250 §130	NE; epithetic t after -ff; N. Wales (Carns.)
eng	quaff		cwaffto		epenthesis	parry1923 p.250 §130	ME/NE; epithetic t after -ff; Bod. gives cofftio
eng	damask		damasgl		epenthesis	parry1923 p.250 §130	ME/NE; addition of final l after -sg
eng	whim		chwimp		epenthesis	parry1923 p.250 §130	ME/NE; addition of final p after -m
eng	sum		swmp		epenthesis	parry1923 p.250 §130	ME/NE; addition of final p after -m
eng	vizor		miswrn		epenthesis	parry1923 p.250 §130	ME/NE; addition of final n after -r
eng	mazer		masarn		epenthesis	parry1923 p.250 §130	ME/NE; addition of final n after -r
eng	pincers		pinshwrn		epenthesis	parry1923 p.250 §130	NE; addition of final n after -r; S. Wales (Dem. Dial.)
eng	trencher		trenshwrn		epenthesis	parry1923 p.250 §130	NE; addition of final n after -r; S. Wales (Dem. Dial.); cf. treinsiwr
eng	scissors		siswrn		epenthesis	parry1923 p.250 §130	ME/NE; addition of final n after -r
eng	trespass		trespans		epenthesis	parry1923 p.250 §130	ME/NE; intrusive n before final s
eng	relish		relins		epenthesis	parry1923 p.250 §130	NE; intrusive n before final s; N. Wales (Carns.)
eng	carriage		carains		epenthesis	parry1923 p.250 §130	NE; intrusive n before final s; N. Wales (Carns.)
eng	radish		redins		epenthesis	parry1923 p.250 §130	NE; intrusive n before final s; N. Wales (Carns.)
eng	tabour		tabwrdd		epenthesis	parry1923 p.250 §130	ME/NE; dd added, ? by association with bwrdd 'board'
eng	herald (ME herode, herand)		herodr		epenthesis	parry1923 p.250 §130	ME; epithetic r
eng	Lincoln		Lincol		deletion	parry1923 p.251 §131	ME/NE; loss of final consonant
eng	constable		kwnstab		deletion	parry1923 p.251 §131	ME/NE; loss of final -l group
eng	arbalest		albras		deletion	parry1923 p.251 §131	ME; loss of final -t; also albrys
eng	tabard		tabar		deletion	parry1923 p.251 §131	ME; loss of final -d
eng	mustard		mwstar		deletion	parry1923 p.251 §131	ME/NE; loss of final -d
eng	garter(s)		gardas		deletion	parry1923 p.251 §131	ME/NE; loss of final -r
eng	whipping-post		chwipinpost		deletion	parry1923 p.251 §131	NE; loss of g in -ng
eng	vinegar		fineg		deletion	parry1923 p.251 §131	ME; loss of final -ar
eng	friends		ffryns		deletion	parry1923 p.251 §131	ME/NE; loss of d in final group
eng	blinds		bleins		deletion	parry1923 p.251 §131	ME/NE; loss of d in final group
eng	washboards		wasbws		deletion	parry1923 p.251 §131	ME/NE; loss of final group
eng	orange		oraits		deletion	parry1923 p.251 §131	ME/NE; n dropped before -s
eng	Lawrence		Lowres		deletion	parry1923 p.251 §131	ME; n dropped before -s; form in WS
eng	Baptist		Batis		deletion	parry1923 p.251 §131	NE; final t often dropped in colloquial speech
eng	Methodist		Methodis		deletion	parry1923 p.251 §131	NE; final t dropped colloquially; also Methadis; sing. Methodsyn in Cards. (S. Wales)
eng	bloman		blowmon		vowel	parry1923 p.51 §7	unstressed ME a in -man compound > W o; ME period
eng	England		Englont		vowel	parry1923 p.51 §7	unstressed a>o; ME/pre-15th c. borrowing implied
eng	garland		gerlont		vowel	parry1923 p.51 §7	unstressed a>o, ME gerelond/garlond(e)
eng	houseman		hwsmon		vowel	parry1923 p.51 §7	unstressed a>o in compound; "husbandman" sense
eng	yeoman		iwmon		vowel	parry1923 p.51 §7	unstressed a>o; ME yoman, yeman
eng	bank		pone		vowel	parry1923 p.53 §7	stressed a>o; N. Wales dial.; E dial. forms with o attested 14th-15th c.
eng	rank		rhonc		vowel	parry1923 p.53 §7	stressed a>o; ME/NE ronke, ronk (13th-16th c.)
eng	standard		ystondard		vowel	parry1923 p.53 §7	stressed a>o; ME standard, stonderd
eng	vicar		bicer		vowel	parry1923 p.56 §8	unaccented a>e; cf. ME vikar, viker
eng	clack		clec		vowel	parry1923 p.57 §8	stressed a>e; ME clacke
eng	arse		ers		vowel	parry1923 p.57 §8	stressed a>e; ME ars, arce, erse
eng	ape		ap		vowel	parry1923 p.59 §9	unaccented a preserved as W a; ME ape
eng	cabin		caban		none	parry1923 p.60 §9	a preserved as a; ME cabane < OF
eng	bastard		bastart		none	parry1923 p.60 §9	a preserved as a; ME/OF bastard
eng	table		tabl		length	parry1923 p.85 §11	stressed ME a (mid-back) preserved as short W a; borrowing predates the English "great vowel-shift" fronting of a to æ
eng	nature		natur		length	parry1923 p.83 §11	ME/OF a preserved unfronted as W a; early borrowing
eng	ape (n.)		ap		length	parry1923 p.82 §11	ME ape, stressed a > W a unfronted (cf. §9); early borrowing
eng	parliament		parlmant		vowel	parry1923 p.90 §14(a)	unstressed e (before nt) > W a, obscure-vowel reflex; dial. forms noted by Powel
eng	dagger		dagyr		vowel	parry1923 p.90 §14(b)	unstressed e before r > W y (obscure vowel, syllabic r reflex)
eng	tincher/tinker		tincyr		vowel	parry1923 p.92 §14(b)	unstressed e before r > W y
eng	barrow		berfa		vowel	parry1923 p.93 §15	ME final unaccented -e > W a
eng	frog		broga		vowel	parry1923 p.93 §15	ME final unaccented -e (frogge) > W a
eng	tub		twba		vowel	parry1923 p.94 §15	ME final unaccented -e (tubbe) > W a
eng	oysters		wystrys		vowel	parry1923 p.99 §17(b)	ME strong plural -es > W -ys (obscure y/u vowel)
eng	cloves		clofes		none	parry1923 p.97 §17(a)	ME plural -es preserved as W -es; rare, early borrowing
eng	plums		plwmws		vowel	parry1923 p.101 §17(d)	ME plural -es > W -ws by vowel assimilation to preceding rounded vowel
eng	bucket		bwced		none	parry1923 p.106 §20	unaccented e (with following consonant) preserved as W e; majority pattern
eng	butler		bwtler		none	parry1923 p.106 §20	unaccented e preserved as W e; ME botlere, boteler
eng	varnish		harnais		vowel	parry1923 p.113 §21(a)	stressed e>a before r, reflecting the English er>ar shift (began Kent, early 14th c.; fashionable in London speech by 16th c.)
eng	merchant		marsiant		vowel	parry1923 p.113 §21(a)	stressed e>a before r, reflecting English er>ar
eng	carve		cerfio		none	parry1923 p.115 §22	stressed e preserved as e; unshifted (pre-er>ar) form, cf. §21
eng	fresh		ffres		none	parry1923 p.116 §22	stressed e preserved as e; ME fresse, fresh
eng	beaver		befer		vowel	parry1923 p.122 §24	E long open ē > W e (short vowel result); borrowing predates open-ē > ī raising
eng	please		plesio		vowel	parry1923 p.123 §24	E long open ē (pleasen) > W e
eng	beer		bir		vowel	parry1923 p.125 §25	E long close ē > W i; reflects raising of close ē toward ī in English
eng	friend		ffrind		vowel	parry1923 p.125 §25	E long close ē > W i, later shortened in E after the ē>ī change
eng	steel		ystil		vowel	parry1923 p.126 §25	E long close ē > W i, accented long i in W
eng	anise		anys		vowel	parry1923 p.128 §27(a)	unstressed E short i > W y (obscure vowel) before s
eng	ermine		ermyn		vowel	parry1923 p.129 §27(a)	unstressed E short i > W y before n
eng	habit		abid		none	parry1923 p.132 §30(a)	unstressed E short i preserved as W i
eng	bible		beibl		vowel	parry1923 p.149 §33	E long ī, diphthongized stage in English (i > ei by c.1500), borrowed as W ei; later than plain-i forms (§32)
eng	bribe		breib		vowel	parry1923 p.149 §33	E long ī diphthongal stage > W ei
eng	pint		peint		vowel	parry1923 p.150 §33	E long ī diphthongal stage > W ei
eng	almond		almwn		vowel	parry1923 p.154 §35	E stressed/unstressed u (native & French, incl. F o before nasal) > W w; implies borrowing before English "weakening" of unstressed o/u to schwa
eng	alien		aliwn		vowel	parry1923 p.154 §35	Early NE alyon; u/o > W w
eng	onion		winwyn		vowel	parry1923 p.165 §38	irregular wy diphthong for expected w/o; author speculates transposition from E -ion
eng	gallon		galwyn		vowel	parry1923 p.165 §38	irregular wy diphthong, cf. onion
eng	adventure		antur		vowel	parry1923 p.171 §43	M/NE iu (French u) > W u
eng	music		miwsig		vowel	parry1923 p.206 §66(ii)	NE eu/iu (=long u/ju) > W diphthong iw/uw; later borrowing than plain-u forms (§41-43)
eng	rule		rhuwl		vowel	parry1923 p.206 §66(ii)	NE iu > W uw
eng	sugar		siwgr		vowel	parry1923 p.206 §66(ii)	NE iu > W iw/uw, doublet forms siwgr/sywgr/suwgr
eng	clock		cloc		none	parry1923 p.176 §46	M/NE stressed short o preserved as W o
eng	pot		pot		none	parry1923 p.178 §46	M/NE stressed short o preserved as W o
eng	roast		rhost		none	parry1923 p.183 §48	M/NE open long ō > W o (undiphthongized); Welsh speakers still often pronounce E "roast" without diphthongization
eng	close (n., enclosure)		clos		none	parry1923 p.182 §48	M/NE open ō > W o (short in W)
eng	cupboard		cwpwrdd		vowel	parry1923 p.184 §49	M/NE open ō (via close ō) > W w
eng	whore		hwr		vowel	parry1923 p.184 §49	M/NE open ō (via close ō/u) > W w
eng	doom		dwm		vowel	parry1923 p.186 §51	M/NE close ō > W w
eng	fool		ffwl		vowel	parry1923 p.186 §51	M/NE close ō > W w; cf. §50 ffol with unshifted o
eng	attorney		atwrnai		vowel	parry1923 p.190 §54	M/NE ai/ei diphthong > W ei; ME att(o)urney, attornai
eng	claim		claim		vowel	parry1923 p.191 §54	M/NE ai/ei > W ei (also verb cleimio); ME cleyme, clayme
eng	fair (n.)		ffair		vowel	parry1923 p.191 §54	M/NE ai/ei > W ei; ME fare, fayre, faire
eng	heir		aer		vowel	parry1923 p.193 §55	M/NE ai/ei > W ae before r (one of the conditioning environments: before l, m, n, r, s)
eng	tailor		taeliwr		vowel	parry1923 p.194 §55	M/NE ai (taylor) > W ae before l
eng	paint		paent		vowel	parry1923 p.195 §55	M/NE ei (peinte) > W ae, monosyllable; cf. verb paentio/peintio with ei before a following palatal
eng	maintain		maentumio		vowel	parry1923 p.194 §55	M/NE ai (mainten(e)) > W ae before n
eng	bargain		bargen		vowel	parry1923 p.196 §56	M/NE ai/ei simplified/reduced > W e in unstressed syllable, alongside fuller form bargain (§54)
eng	leaven		lefen		vowel	parry1923 p.196 §56	M/NE ai/ei reduced > W e, alongside lefain (§54)
eng	point		pwynt		vowel	parry1923 p.197 §58	M/NE diphthong oi(oy) > W wy, reflecting the earlier ui-pronunciation of the E diphthong
eng	anoint		anwyntio		vowel	parry1923 p.197 §58	M/NE oi > W wy
eng	loin		llwyn		vowel	parry1923 p.198 §58	M/NE oi (loyne) > W wy (also native-looking llwyn)
eng	dance		dawns		vowel	parry1923 p.201 §61	Anglo-French au before nasal > W aw; W preserves the older Anglo-French nasalized-au pronunciation later replaced in E itself by continental French forms (moWv respelling in E, but W kept dawns)
eng	haunt		hawnt		vowel	parry1923 p.202 §61	M/NE normal au > W aw
eng	fault		ffawt		vowel	parry1923 p.201 §61	M/NE au > W aw
eng	Bristol		Bristaw		vowel	parry1923 p.204 §65	ME Bristowe, ou>aw reflex in W; proper name
eng	powder		powdr		vowel	parry1923 p.209 §68(b)	diphthongization of ME long u > W ow (alongside doublet possibilities with aw, §68a)
eng	court		cowrt		vowel	parry1923 p.209 §68(b)	ME u (developing to ō before r) > W ow; modern W usually shortened to cwrt
eng	soldier		sawdwr		vowel	parry1923 p.208 §68(a)	ME u/ou (OF soudoier) > W aw
eng	cage		caets		vowel	parry1923 p.212 §70	diphthongization before sibilant affricate ts (§69 phenomenon): a > ai/ei; ME cage
eng	orange		oraens		vowel	parry1923 p.212 §70	diphthongization of a before ns (nasal+sibilant, §69); doublets oraens/orains/oraits attested
eng	page (boy)		paits		vowel	parry1923 p.213 §70	diphthongization of a before ts (§69), WS form
eng	sage (herb)		saeds		vowel	parry1923 p.213 §70	diphthongization of a before -age > ds/ts (§69), WS form; many spelling variants (saets, sayts, saigs)
eng	vantage		mantais		vowel	parry1923 p.212 §70	diphthongization of a before the F -age suffix (§69 phenomenon), cf. Dem. dial. montesh (§9(b))
eng	vengeance		feinsians		vowel	parry1923 p.214 §71	diphthongization of e before ns (sibilant, §69 phenomenon) > W ei
eng	trencher		treinsiwr		vowel	parry1923 p.214 §71	diphthongization of e before nch/sibilant > W ei
eng	fresh		freiss		vowel	parry1923 p.214 §71	WS form with diphthongized e before sibilant (contrast undiphthongized ffres, §22)
eng	broach		broes		vowel	parry1923 p.214 §73	diphthongization of o before sibilant (ch) > W oe; Carn. dial. broitsh also cited
eng	bushel		bwysel		vowel	parry1923 p.215 §74	diphthongization of u before sibilant (sh) > W wy
eng	touch		twyts		vowel	parry1923 p.215 §74	diphthongization of u before ch/sibilant (ts) > W wy; WS form, cf. mod. twtsio
eng	gall		gawl		vowel	parry1923 p.216 §75(a)	diphthongization before l: a+l > W aw (env.-conditioned split, cf. §75b/c for o+l, u+l)
eng	bowl		bowl		vowel	parry1923 p.216 §75(b)	diphthongization before l: o+l > W ow
eng	bold		powld		vowel	parry1923 p.216 §75(b)	diphthongization before l: o+l > W ow; Carn. (N. Wales) dial.
eng	poultice		powltis		vowel	parry1923 p.217 §75(c)	diphthongization before l: u+l > W ow; Dem. dial. (S. Wales, Pembrokeshire)
eng	bolt (verb, sift)		powlto		vowel	parry1923 p.217 §75(c)	diphthongization before l: u+l > W ow; Dem. dial. (S. Wales)
eng	serious		sariws		vowel	parry1923 p.113 §21(a)	stressed e>a before r (English er>ar reflex); S. Cardiganshire (S. Wales) form
eng	stallion		ystalwyn		vowel	parry1923 p.165 §38	irregular wy diphthong for expected w/o
eng	bal(a)m		bam		deletion	parry1923 p.82 §11	ME bame; l lost, a preserved as W a
eng	map		map	[mapː]	gemination	wood1988 p.233	modern loan; final /p/ only in loans; final C geminate blocks V-lengthening
eng	shop		siop	[ʃopː]	substitution;gemination	wood1988 p.233	sh > si; final /p/ only in modern loans
eng	mat		mat	[matː]	gemination	wood1988 p.233	modern loan; final /t/ geminate
eng	clock		cloc	[ˈklokː]	gemination	wood1988 p.233	modern loan; final /k/ geminate
eng	cloak		clog	[ˈkloːg]	length;substitution	wood1988 p.233	source long V retained; final C lenited k>g so V stays long
eng	lamp		lamp		none	wood1988 p.231	loan keeps voiced initial [l]; NOT re-analysed as mutated ll-
eng	alarm		larum		deletion	wood1988 p.231	initial V dropped; keeps voiced [l], outside mutation system
eng	lettuce		letys		vowel	wood1988 p.231	keeps voiced initial [l]
eng	allowance		lwans	[ˈluːans]	deletion;vowel	wood1988 p.231	initial V dropped; keeps voiced [l]
eng	garage		garej		substitution	bmj-mutations p.21	modern loan with j = /dʒ/; exempt from g-dropping soft mutation
eng	gate		ga:t	[gaːt]	length	bmj-mutations p.21	spoken-corpus form; also gat, gia:t variants
eng	gate		gia:t	[gjaːt]	glide;length	bmj-mutations p.21	i-glide variant in spoken corpus
eng	game		ge:m	[geːm]	length	bmj-mutations p.21	spoken-corpus form
eng	bus		bws		vowel	wiki-cy-orth §Foreign words	E /ʌ/ > W w /ʊ/
eng	buck		bwc		vowel;substitution	wiki-cy-orth §Foreign words	c = /k/
eng	bucket		bwced		vowel	wiki-cy-orth §Foreign words	
eng	car		car		none	wiki-cy-orth §Foreign words	
eng	noggin		nogin		none	wiki-cy-orth §Foreign words	
eng	gob		gob		none	wiki-cy-orth §Foreign words	
eng	slogan		slogan		none	wiki-cy-orth §Foreign words	initial /sl/ kept, no prothesis
eng	flannel		fflanel		substitution	wiki-cy-orth §Foreign words	E /f/ > W ff (W f = /v/)
eng	truant		trwnt		vowel;deletion	wiki-cy-orth §Foreign words	
eng	gaol		jêl		substitution;length	wiki-cy-orth §Foreign words	variants gêl, geol, jael, siêl; /dʒ/ via j or si
eng	giraffe		jiráff		substitution;stress	wiki-cy-orth §Foreign words	acute marks retained final stress
eng	fridge		ffrij		substitution	wiki-cy-orth §Foreign words	native alternative oergell
eng	Japan		Siapan		substitution	wiki-cy-orth §Non-native letters	older loan: /dʒ/ > si /ʃ/
eng	jacket		siaced		substitution	wiki-cy-orth §Non-native letters	older loan: /dʒ/ > si /ʃ/
eng	kilogram		cilogram		substitution	wiki-cy-orth §Non-native letters	k > c
eng	queer		cwiar		substitution	wiki-cy-orth §Non-native letters	qu > cw
eng	volt		folt		substitution	wiki-cy-orth §Non-native letters	v > f (=/v/)
eng	taxi		tacsi		substitution	wiki-cy-orth §Non-native letters	x > cs
eng	zero		sero		substitution	wiki-cy-orth §Non-native letters	z > s
eng	jelly		jeli	[ˈdʒɛlɪ]	substitution	wiki-cy-orth §Letter names	modern loan retains /dʒ/
eng	jeans		jîns	[dʒɪnz]	substitution	wiki-cy-orth §Letter names	retains /dʒ/ and final /z/
eng	ambulance		ambiwlans		stress;glide	wiki-cy-phon §Stress and pitch	loan keeps ENGLISH initial stress; shifts to penult when inflected
eng	testament		testament		stress	wiki-cy-phon §Stress and pitch	loan keeps English initial stress
eng	Fiji		Ffiji		substitution	cy-wiki-arddull §Enwau gwledydd	transliteration practice: Geiriadur yr Academi respells by Welsh letter values
eng	China		Tsieina		substitution	cy-wiki-arddull §Sillafiadau	transliteration practice; /tʃ/ written ts + i-glide
ita	Napoli		Napoli		none	cy-wiki-arddull §Enwau lleoedd	transliteration practice: native spelling kept, English gloss added
eng	York		Efrog		substitution	cy-wiki-arddull §Enwau lleoedd	established Welsh exonym, not a phonological adaptation
eng	Kuwait		Kuwait		none	cy-wiki-arddull §Enwau gwledydd	transliteration practice: Atlas Cymraeg Newydd keeps native/international spelling incl. non-Welsh letters
eng	gooseberry		gwsberi		stress	buczek2014 p.345	source antepenult > W penult gws-BE-ri; stress class per Table 1, syllabification inferred
eng	post-office		postoffis		stress	buczek2014 p.345	source initial > W penult post-O-ffis
eng	school-master		sgwlmaster		stress	buczek2014 p.345	source initial > W penult sgwl-MAS-ter
eng	certificate		stifficet		stress;deletion	buczek2014 p.345	aphaeresis + shift to penult
eng	courtesy		cwrtesi		stress	buczek2014 p.345	shift to penult
eng	Rosemary		Rosmari		stress;deletion	buczek2014 p.345	syncope + shift to penult
eng	present		presennol		stress	buczek2014 p.345	derived form, penult
eng	astronomy		astronmi		stress;deletion	buczek2014 p.345	syncope makes the source-stressed vowel penultimate
eng	destiny		tesni		stress;deletion	buczek2014 p.345	syncope + aphaeresis; cf. parry1923 p.219 s.v. tesni
eng	diamond		deimwnt		stress;deletion	buczek2014 p.345	syncope
eng	liquorice		licris		stress;deletion	buczek2014 p.345	syncope
eng	society		seiat		stress;deletion	buczek2014 p.345	apocope; cf. parry1923 p.231 haplology
eng	wheelbarrow		whilber		stress;deletion	buczek2014 p.345	apocope
eng	chocolate		siocled		stress;deletion;substitution	buczek2014 p.346	syncope; ch > si
eng	canvass		canfasio		stress	buczek2014 p.346	Welsh verbal suffix -io forces penult
eng	measure		mesuro		stress;substitution	buczek2014 p.346	E /ʒ/ > W s; verb suffix -o
eng	bargain		bargeinio		stress	buczek2014 p.346	verb suffix -io forces penult
eng	kidnap		cidnapio		stress;substitution	buczek2014 p.346	k > c; verb suffix -io
eng	personal		personol		stress	buczek2014 p.346	derived, penult
eng	appeal		apêl		stress;length	buczek2014 p.347	final stress retained; circumflex marks length
eng	brigade		brigâd		stress;length	buczek2014 p.347	final stress retained
eng	jubilee		jiwbilî		stress;length	buczek2014 p.347	final stress retained
eng	cassette		cysêt		stress;length	buczek2014 p.347	final stress retained
eng	cocoon		cocŵn		stress;length	buczek2014 p.347	final stress retained
eng	umbrella		ymbarel		stress;deletion	buczek2014 p.347	final schwa elided (no schwa in ultima), so W ends up FINAL-stressed though E is penult
eng	elephant		eliffant		stress	buczek2014 p.348	antepenultimate stress imported = marks the word as foreign
eng	elephants		eliffantod		stress	buczek2014 p.348	plural regularises to penult
eng	paragraph		paragraff		stress	buczek2014 p.348	antepenult imported
eng	paragraphs		paragraffau		stress	buczek2014 p.348	plural regularises to penult
eng	testament		testament		stress	buczek2014 p.348	antepenult imported; also breit2019 p.75
eng	testaments		testamentau		stress	buczek2014 p.348	plural regularises to penult; breit2019 p.76
eng	ambulance		ambiwlans		stress;glide	buczek2014 p.348	antepenult imported
eng	ambulances		ambiwlansys		stress	buczek2014 p.348	plural regularises to penult
eng	parachute		parasiwt		stress;substitution	buczek2014 p.348	antepenult imported; ch > si
eng	pension		pensiwn		stress;substitution	buczek2014 p.348	source stress retained; -sion > -siwn
eng	pensions		pensiynau		stress	buczek2014 p.348	plural regularises to penult
eng	calendar		calendr		stress;epenthesis	buczek2014 p.348	antepenult; svarabhakti vowel breaks final -dr, giving three syllables
eng	hooligan		hwligan		stress	buczek2014 p.348	antepenult imported
eng	bungalow		byngalo		stress	buczek2014 p.348	antepenult imported
eng	centimeter		sentimedr		stress;substitution	buczek2014 p.349	neo-classical compound keeps source stress; c > s
eng	centimeters		sentimedrau		stress	buczek2014 p.349	plural regularises to penult
eng	metropolis		metropolis		stress	buczek2014 p.349	neo-classical, source stress
eng	penicillin		penisilin		none	buczek2014 p.346	source stress already coincides with W penult
eng	ophthalmology		offtalmoleg		substitution	buczek2014 p.346	ph > ff; source stress coincides with penult
eng	cerebellum		serebelwm		substitution	buczek2014 p.346	c > s; source stress coincides with penult
eng	text		textio		stress	buczek2014 p.346	very recent verbal loan with native -io
eng	download		downloadio		stress	buczek2014 p.346	very recent verbal loan with native -io
eng	babysit		babysitio		stress	buczek2014 p.346	very recent verbal loan with native -io
eng	game		gêm	[ˈɡeːm]	length	breit2019 p.78	loan retains a long vowel in an unexpected position
eng	fresh		ffres	[ˈfrɛs]	length;substitution	breit2019 p.78	unexpectedly SHORT vowel; final /ʃ/ > /s/
eng	bag		bag	/baɡ/	length	williams1983 p.191	unexpectedly short vowel: Welsh rules would give long before /ɡ/
eng	pin		pin	/pɪn/	length	williams1983 p.191	unexpectedly short vowel
eng	bill		bil	/bɪl/	length	williams1983 p.191	unexpectedly short vowel
eng	great		grêt		length	grawunder2015 §3.6	short vowel before fortis coda in all 16 speakers (11 N, 5 S)
eng	brawn		brawn	[ˈbrɔːn]	length	iosad2017 p.12	long LAX vowel in an English loan (Watkins 1967)
eng	engineer		injinêr	[ɪndʒɪˈnɛːr]	length;stress	iosad2017 p.12	long lax vowel + final stress (Watkins 1967)
eng	window		ffenest	[ˈfɛːnɛst]	length;deletion	iosad2017 p.49	south-western: unpredictable lax long vowel; final -r deleted
