"Rob Goedemans, Harry van der Hulst. 2013. Weight-Sensitive Stress."
"In: Dryer, Matthew S. & Haspelmath, Martin (eds.)"
WALS Online (v2020.4) [Data set]. Zenodo.
https://doi.org/10.5281/zenodo.13950591
"(Available online at http://wals.info/chapter/15, Accessed on 2026-08-25.)"
""
wals code,name,value,description,latitude,longitude,genus,family,area
abk,Abkhaz,7,Not predictable,43.0833333333,41.0,Northwest Caucasian,Northwest Caucasian,Phonology
ace,Acehnese,8,Fixed stress (no weight-sensitivity),5.5,95.5,Malayo-Sumbawan,Austronesian,Phonology
acg,Achagua,8,Fixed stress (no weight-sensitivity),4.41666666667,-72.25,Japura-Colombia,Arawakan,Phonology
agu,Aguacatec,5,Unbounded: Stress can be anywhere,15.4166666667,-91.3333333333,Mayan,Mayan,Phonology
akl,Aklanon,3,Right-edge: Ultimate or penultimate,11.5833333333,122.333333333,Greater Central Philippine,Austronesian,Phonology
ala,Alamblak,6,Combined: Right-edge and unbounded,-4.66666666667,143.333333333,Sepik Hill,Sepik,Phonology
alw,Alawa,8,Fixed stress (no weight-sensitivity),-15.1666666667,134.25,Mara,Mangarrayi-Maran,Phonology
aln,Alune,8,Fixed stress (no weight-sensitivity),-3.0,128.333333333,Central Malayo-Polynesian,Austronesian,Phonology
atq,Alutiiq,1,Left-edge: First or second,57.0,-157.0,Eskimo,Eskimo-Aleut,Phonology
aly,Alyawarra,8,Fixed stress (no weight-sensitivity),-22.5,135.0,Central Pama-Nyungan,Pama-Nyungan,Phonology
ame,Amele,5,Unbounded: Stress can be anywhere,-5.25,145.583333333,Mabuso,Trans-New Guinea,Phonology
agt,Anguthimri,8,Fixed stress (no weight-sensitivity),-12.3333333333,141.833333333,Northern Pama-Nyungan,Pama-Nyungan,Phonology
apu,Apurinã,3,Right-edge: Ultimate or penultimate,-9.0,-67.0,Purus,Arawakan,Phonology
ahs,Arabic (Bani-Hassan),5,Unbounded: Stress can be anywhere,20.0,-10.0,Semitic,Afro-Asiatic,Phonology
abe,Arabic (Beirut),4,Right-oriented: One of the last three,33.9166666667,35.5,Semitic,Afro-Asiatic,Phonology
ael,Arabic (Eastern Libyan),4,Right-oriented: One of the last three,32.0,22.0,Semitic,Afro-Asiatic,Phonology
aeg,Arabic (Egyptian),4,Right-oriented: One of the last three,30.0,31.0,Semitic,Afro-Asiatic,Phonology
arg,Arabic (Gulf),3,Right-edge: Ultimate or penultimate,26.0,49.0,Semitic,Afro-Asiatic,Phonology
arh,Arabic (Hijazi),4,Right-oriented: One of the last three,26.0,38.0,Semitic,Afro-Asiatic,Phonology
arl,Arabic (Lebanese),4,Right-oriented: One of the last three,34.0,36.0,Semitic,Afro-Asiatic,Phonology
arv,Arabic (Negev),6,Combined: Right-edge and unbounded,30.5,34.75,Semitic,Afro-Asiatic,Phonology
apa,Arabic (Palestinian),4,Right-oriented: One of the last three,32.0,35.25,Semitic,Afro-Asiatic,Phonology
asy,Arabic (Syrian),4,Right-oriented: One of the last three,34.0,38.0,Semitic,Afro-Asiatic,Phonology
atb,Aralle-Tabulahan,8,Fixed stress (no weight-sensitivity),-2.75,119.25,South Sulawesi,Austronesian,Phonology
ana,Araona,8,Fixed stress (no weight-sensitivity),-12.3333333333,-67.75,Tacanan,Pano-Tacanan,Phonology
arp,Arapesh (Mountain),8,Fixed stress (no weight-sensitivity),-3.46666666667,143.166666667,Kombio-Arapesh,Torricelli,Phonology
arc,Archi,1,Left-edge: First or second,42.0,46.8333333333,Lezgic,Nakh-Daghestanian,Phonology
arm,Armenian (Eastern),5,Unbounded: Stress can be anywhere,40.0,45.0,Armenian,Indo-European,Phonology
aro,Arosi,8,Fixed stress (no weight-sensitivity),-10.25,161.333333333,Oceanic,Austronesian,Phonology
awe,Arrernte (Western),8,Fixed stress (no weight-sensitivity),-24.0,132.5,Central Pama-Nyungan,Pama-Nyungan,Phonology
asm,Asmat,8,Fixed stress (no weight-sensitivity),-5.5,138.5,Asmat-Kamrau Bay,Asmat-Kamrau Bay,Phonology
au,Au,5,Unbounded: Stress can be anywhere,-3.58333333333,142.083333333,Central Wapei,Torricelli,Phonology
ava,Avar,1,Left-edge: First or second,42.5,46.5,Avar-Andic-Tsezic,Nakh-Daghestanian,Phonology
awd,Awadhi,3,Right-edge: Ultimate or penultimate,27.5,81.5,Indic,Indo-European,Phonology
awt,Awtuw,8,Fixed stress (no weight-sensitivity),-3.58333333333,142.0,Ram,Sepik,Phonology
aym,Aymara (Central),8,Fixed stress (no weight-sensitivity),-17.0,-69.0,Aymaran,Aymaran,Phonology
bdm,Badimaya,8,Fixed stress (no weight-sensitivity),-27.6666666667,118.0,Western Pama-Nyungan,Pama-Nyungan,Phonology
bag,Bagirmi,8,Fixed stress (no weight-sensitivity),11.6666666667,16.0,Bongo-Bagirmi,Central Sudanic,Phonology
bgv,Bagvalal,3,Right-edge: Ultimate or penultimate,42.5833333333,46.1666666667,Avar-Andic-Tsezic,Nakh-Daghestanian,Phonology
blk,Balantak,8,Fixed stress (no weight-sensitivity),-0.833333333333,123.25,Celebic,Austronesian,Phonology
bal,Balinese,8,Fixed stress (no weight-sensitivity),-8.33333333333,115.25,Malayo-Sumbawan,Austronesian,Phonology
bbm,Bambam,8,Fixed stress (no weight-sensitivity),-3.08333333333,119.083333333,South Sulawesi,Austronesian,Phonology
bna,Banawá,3,Right-edge: Ultimate or penultimate,-7.0,-65.0,Arauan,Arauan,Phonology
bwa,Bandjalang (Waalubal),1,Left-edge: First or second,-29.0833333333,152.583333333,Southeastern Pama-Nyungan,Pama-Nyungan,Phonology
bgg,Banggai,3,Right-edge: Ultimate or penultimate,-1.41666666667,123.166666667,Celebic,Austronesian,Phonology
bnl,Banggarla,8,Fixed stress (no weight-sensitivity),-32.0,137.0,Central Pama-Nyungan,Pama-Nyungan,Phonology
bnt,Bantik,8,Fixed stress (no weight-sensitivity),1.41666666667,124.75,Sangiric,Austronesian,Phonology
bae,Baré,8,Fixed stress (no weight-sensitivity),1.0,-67.0,Japura-Colombia,Arawakan,Phonology
bsk,Bashkir,8,Fixed stress (no weight-sensitivity),53.0,58.0,Turkic,Altaic,Phonology
bqi,Basque (Basaburua and Imoz),1,Left-edge: First or second,43.0,-1.66666666667,Basque,Basque,Phonology
bqb,Basque (Bidasoa Valley),8,Fixed stress (no weight-sensitivity),43.0,-3.83333333333,Basque,Basque,Phonology
bqg,Basque (Gernica),7,Not predictable,43.3333333333,-3.0,Basque,Basque,Phonology
bqh,Basque (Hondarribia),3,Right-edge: Ultimate or penultimate,42.5,-3.0,Basque,Basque,Phonology
bql,Basque (Lekeitio),8,Fixed stress (no weight-sensitivity),43.0,-2.5,Basque,Basque,Phonology
bqn,Basque (Northern High Navarrese),8,Fixed stress (no weight-sensitivity),43.3333333333,-2.5,Basque,Basque,Phonology
bqo,Basque (Oñati),8,Fixed stress (no weight-sensitivity),42.5,-3.5,Basque,Basque,Phonology
bqr,Basque (Roncalese),8,Fixed stress (no weight-sensitivity),43.0,-2.0,Basque,Basque,Phonology
bqs,Basque (Sakana),8,Fixed stress (no weight-sensitivity),42.5,-2.0,Basque,Basque,Phonology
bso,Basque (Souletin),3,Right-edge: Ultimate or penultimate,43.5,-1.5,Basque,Basque,Phonology
bqz,Basque (Zeberio),7,Not predictable,42.0,-3.0,Basque,Basque,Phonology
bkr,Batak (Karo),3,Right-edge: Ultimate or penultimate,3.25,98.25,Northwest Sumatra-Barrier Islands,Austronesian,Phonology
bto,Batak (Toba),8,Fixed stress (no weight-sensitivity),2.5,99.0,Northwest Sumatra-Barrier Islands,Austronesian,Phonology
baw,Bawm,8,Fixed stress (no weight-sensitivity),22.5,92.25,Kuki-Chin,Sino-Tibetan,Phonology
bej,Beja,4,Right-oriented: One of the last three,18.0,36.0,Beja,Afro-Asiatic,Phonology
ben,Bengali,8,Fixed stress (no weight-sensitivity),24.0,90.0,Indic,Indo-European,Phonology
bma,Berber (Middle Atlas),8,Fixed stress (no weight-sensitivity),33.0,-5.0,Berber,Afro-Asiatic,Phonology
bho,Bhojpuri,4,Right-oriented: One of the last three,26.0,84.0,Indic,Indo-European,Phonology
bik,Biak,8,Fixed stress (no weight-sensitivity),-1.0,136.0,South Halmahera - West New Guinea,Austronesian,Phonology
bkl,Bikol,3,Right-edge: Ultimate or penultimate,13.3333333333,123.5,Greater Central Philippine,Austronesian,Phonology
bim,Bima,8,Fixed stress (no weight-sensitivity),-8.5,118.5,Central Malayo-Polynesian,Austronesian,Phonology
bbw,Bininj Gun-Wok,8,Fixed stress (no weight-sensitivity),-12.5,133.75,Marne,Gunwinyguan,Phonology
bre,Breton,8,Fixed stress (no weight-sensitivity),48.0,-3.0,Celtic,Indo-European,Phonology
bug,Bugis,8,Fixed stress (no weight-sensitivity),-4.0,120.0,South Sulawesi,Austronesian,Phonology
bui,Buli (in Indonesia),3,Right-edge: Ultimate or penultimate,1.0,128.5,South Halmahera - West New Guinea,Austronesian,Phonology
bua,Burarra,8,Fixed stress (no weight-sensitivity),-12.25,134.583333333,Burarran,Mangrida,Phonology
buu,Buru,8,Fixed stress (no weight-sensitivity),-3.5,126.5,Central Malayo-Polynesian,Austronesian,Phonology
bur,Burushaski,7,Not predictable,36.5,74.5,Burushaski,Burushaski,Phonology
cah,Cahuilla,8,Fixed stress (no weight-sensitivity),33.5,-116.25,Northern Uto-Aztecan,Uto-Aztecan,Phonology
cpa,Campa Pajonal Asheninca,7,Not predictable,-10.6666666667,-74.25,Pre-Andine Arawakan,Arawakan,Phonology
cnl,Canela,8,Fixed stress (no weight-sensitivity),-7.0,-45.0,Je Setentrional,Macro-Ge,Phonology
cap,Capanahua,1,Left-edge: First or second,-7.0,-74.0,Panoan,Pano-Tacanan,Phonology
car,Carib,6,Combined: Right-edge and unbounded,5.5,-56.0,Cariban,Cariban,Phonology
ctl,Catalan,3,Right-edge: Ultimate or penultimate,41.75,2.0,Romance,Indo-European,Phonology
cav,Cavineña,8,Fixed stress (no weight-sensitivity),-13.3333333333,-66.5,Tacanan,Pano-Tacanan,Phonology
cyg,Cayuga,4,Right-oriented: One of the last three,42.75,-76.75,Northern Iroquoian,Iroquoian,Phonology
cyv,Cayuvava,8,Fixed stress (no weight-sensitivity),-13.5,-65.5,Cayuvava,Cayuvava,Phonology
ceb,Cebuano,3,Right-edge: Ultimate or penultimate,10.0,124.0,Greater Central Philippine,Austronesian,Phonology
cha,Chamorro,4,Right-oriented: One of the last three,13.45,144.75,Chamorro,Austronesian,Phonology
cya,Chatino (Yaitepec),8,Fixed stress (no weight-sensitivity),16.25,-97.25,Zapotecan,Oto-Manguean,Phonology
cpn,Chepang,8,Fixed stress (no weight-sensitivity),27.6666666667,84.75,Himalayish,Sino-Tibetan,Phonology
cle,Chinantec (Lealao),7,Not predictable,17.3333333333,-95.9166666667,Chinantecan,Oto-Manguean,Phonology
cct,Choctaw,5,Unbounded: Stress can be anywhere,32.25,-88.5,Muskogean,Muskogean,Phonology
chk,Chukchi,8,Fixed stress (no weight-sensitivity),67.0,-173.0,Northern Chukotko-Kamchatkan,Chukotko-Kamchatkan,Phonology
chv,Chuvash,5,Unbounded: Stress can be anywhere,55.5,47.5,Turkic,Altaic,Phonology
cmn,Comanche,8,Fixed stress (no weight-sensitivity),33.5,-101.5,Northern Uto-Aztecan,Uto-Aztecan,Phonology
coo,Coos (Hanis),3,Right-edge: Ultimate or penultimate,43.5,-124.166666667,Coosan,Oregon Coast,Phonology
crn,Cornish,8,Fixed stress (no weight-sensitivity),50.3333333333,-5.0,Celtic,Indo-European,Phonology
cre,Cree (Plains),8,Fixed stress (no weight-sensitivity),54.0,-110.0,Algonquian,Algic,Phonology
crk,Creek,3,Right-edge: Ultimate or penultimate,34.0,-85.0,Muskogean,Muskogean,Phonology
cub,Cubeo,5,Unbounded: Stress can be anywhere,1.33333333333,-70.5,Tucanoan,Tucanoan,Phonology
cup,Cupeño,8,Fixed stress (no weight-sensitivity),33.1666666667,-116.5,Northern Uto-Aztecan,Uto-Aztecan,Phonology
cze,Czech,8,Fixed stress (no weight-sensitivity),50.0,15.0,Slavic,Indo-European,Phonology
daa,Da'a,8,Fixed stress (no weight-sensitivity),-1.0,119.583333333,Celebic,Austronesian,Phonology
dak,Dakota,8,Fixed stress (no weight-sensitivity),45.0,-93.5,Mississippi Valley Siouan,Siouan,Phonology
dni,Dani (Lower Grand Valley),8,Fixed stress (no weight-sensitivity),-4.33333333333,138.833333333,Dani,Trans-New Guinea,Phonology
dsh,Danish,6,Combined: Right-edge and unbounded,56.0,10.0,Germanic,Indo-European,Phonology
dri,Dari,8,Fixed stress (no weight-sensitivity),35.0,66.0,Iranian,Indo-European,Phonology
des,Desano,7,Not predictable,0.833333333333,-69.8333333333,Tucanoan,Tucanoan,Phonology
dhw,Dharawal,1,Left-edge: First or second,-34.5,150.5,Southeastern Pama-Nyungan,Pama-Nyungan,Phonology
dhu,Dhurga,1,Left-edge: First or second,-35.6666666667,150.0,Southeastern Pama-Nyungan,Pama-Nyungan,Phonology
die,Diegueño (Mesa Grande),3,Right-edge: Ultimate or penultimate,32.6666666667,-116.166666667,Yuman,Hokan,Phonology
dio,Diola-Fogny,8,Fixed stress (no weight-sensitivity),13.0,-16.25,Jola,Niger-Congo,Phonology
diy,Diyari,8,Fixed stress (no weight-sensitivity),-28.0,139.0,Central Pama-Nyungan,Pama-Nyungan,Phonology
djr,Djaru,5,Unbounded: Stress can be anywhere,-18.75,128.0,Western Pama-Nyungan,Pama-Nyungan,Phonology
dji,Djingili,8,Fixed stress (no weight-sensitivity),-17.75,134.0,Djingili,Mirndi,Phonology
dob,Dobel,8,Fixed stress (no weight-sensitivity),-6.25,134.666666667,Central Malayo-Polynesian,Austronesian,Phonology
dou,Doutai,8,Fixed stress (no weight-sensitivity),-3.33333333333,138.166666667,East Tariku,Lakes Plain,Phonology
dre,Drehu,8,Fixed stress (no weight-sensitivity),-21.0,167.25,Oceanic,Austronesian,Phonology
dut,Dutch,4,Right-oriented: One of the last three,52.5,6.0,Germanic,Indo-European,Phonology
dyi,Dyirbal,8,Fixed stress (no weight-sensitivity),-17.8333333333,145.583333333,Northern Pama-Nyungan,Pama-Nyungan,Phonology
eka,Ekari,1,Left-edge: First or second,-3.83333333333,135.5,Paniai Lakes,Trans-New Guinea,Phonology
emc,Embera Chami,3,Right-edge: Ultimate or penultimate,5.0,-76.0,Choco,Choco,Phonology
eno,Enggano,8,Fixed stress (no weight-sensitivity),-5.41666666667,102.25,Enggano,Austronesian,Phonology
eng,English,4,Right-oriented: One of the last three,52.0,0.0,Germanic,Indo-European,Phonology
epe,Epena Pedee,3,Right-edge: Ultimate or penultimate,3.0,-77.0,Choco,Choco,Phonology
ese,Ese Ejja,8,Fixed stress (no weight-sensitivity),-11.0,-66.0,Tacanan,Pano-Tacanan,Phonology
est,Estonian,8,Fixed stress (no weight-sensitivity),59.0,26.0,Finnic,Uralic,Phonology
eve,Evenki,3,Right-edge: Ultimate or penultimate,56.0,125.0,Tungusic,Altaic,Phonology
far,Faroese,8,Fixed stress (no weight-sensitivity),62.0,-7.0,Germanic,Indo-European,Phonology
fij,Fijian,3,Right-edge: Ultimate or penultimate,-17.8333333333,178.0,Oceanic,Austronesian,Phonology
fin,Finnish,8,Fixed stress (no weight-sensitivity),62.0,25.0,Finnic,Uralic,Phonology
frd,Fordata,8,Fixed stress (no weight-sensitivity),-6.75,131.5,Central Malayo-Polynesian,Austronesian,Phonology
for,Fore,5,Unbounded: Stress can be anywhere,-6.75,145.5,Fore-Gimi,Trans-New Guinea,Phonology
fre,French,3,Right-edge: Ultimate or penultimate,48.0,2.0,Romance,Indo-European,Phonology
glp,Gaalpu,8,Fixed stress (no weight-sensitivity),-12.6666666667,136.75,Western Pama-Nyungan,Pama-Nyungan,Phonology
gae,Gaelic (Scots),8,Fixed stress (no weight-sensitivity),57.0,-4.0,Celtic,Indo-European,Phonology
gll,Galela,8,Fixed stress (no weight-sensitivity),2.41666666667,128.333333333,North Halmaheran,North Halmaheran,Phonology
grr,Garrwa,8,Fixed stress (no weight-sensitivity),-17.0833333333,137.166666667,Garrwan,Garrwan,Phonology
gay,Gayo,3,Right-edge: Ultimate or penultimate,4.5,97.5,Northwest Sumatra-Barrier Islands,Austronesian,Phonology
geo,Georgian,8,Fixed stress (no weight-sensitivity),42.0,44.0,Kartvelian,Kartvelian,Phonology
ger,German,4,Right-oriented: One of the last three,52.0,10.0,Germanic,Indo-European,Phonology
gid,Gidabal,8,Fixed stress (no weight-sensitivity),-28.4166666667,152.416666667,Southeastern Pama-Nyungan,Pama-Nyungan,Phonology
god,Godoberi,5,Unbounded: Stress can be anywhere,42.6666666667,46.0833333333,Avar-Andic-Tsezic,Nakh-Daghestanian,Phonology
goo,Gooniyandi,8,Fixed stress (no weight-sensitivity),-18.3333333333,126.333333333,Bunuban,Bunuban,Phonology
gor,Gorowa,5,Unbounded: Stress can be anywhere,-4.5,36.5,Southern Cushitic,Afro-Asiatic,Phonology
grb,Grebo,7,Not predictable,5.0,-8.0,Kru,Niger-Congo,Phonology
grk,Greek (Modern),8,Fixed stress (no weight-sensitivity),39.0,22.0,Greek,Indo-European,Phonology
grw,Greenlandic (West),8,Fixed stress (no weight-sensitivity),64.0,-51.0,Eskimo,Eskimo-Aleut,Phonology
gua,Guaraní,8,Fixed stress (no weight-sensitivity),-26.0,-56.0,Maweti-Guarani,Tupian,Phonology
gug,Gugada,8,Fixed stress (no weight-sensitivity),-30.0,134.0,Western Pama-Nyungan,Pama-Nyungan,Phonology
guj,Gujarati,3,Right-edge: Ultimate or penultimate,23.0,72.0,Indic,Indo-European,Phonology
guu,Guugu Yimidhirr,8,Fixed stress (no weight-sensitivity),-15.0,144.833333333,Northern Pama-Nyungan,Pama-Nyungan,Phonology
hno,Haida (Northern),5,Unbounded: Stress can be anywhere,54.0,-132.5,Haida,Haida,Phonology
hln,Halang,8,Fixed stress (no weight-sensitivity),14.5,107.5,Bahnaric,Austro-Asiatic,Phonology
hnn,Hanunóo,8,Fixed stress (no weight-sensitivity),12.3333333333,121.25,Greater Central Philippine,Austronesian,Phonology
haw,Hawaiian,8,Fixed stress (no weight-sensitivity),19.5833333333,-155.5,Oceanic,Austronesian,Phonology
heb,Hebrew (Modern),8,Fixed stress (no weight-sensitivity),31.5,34.8333333333,Semitic,Afro-Asiatic,Phonology
hin,Hindi,4,Right-oriented: One of the last three,25.0,77.0,Indic,Indo-European,Phonology
hix,Hixkaryana,7,Not predictable,-1.0,-59.0,Cariban,Cariban,Phonology
hop,Hopi,1,Left-edge: First or second,36.0,-110.0,Northern Uto-Aztecan,Uto-Aztecan,Phonology
htc,Huastec,5,Unbounded: Stress can be anywhere,22.0833333333,-99.3333333333,Mayan,Mayan,Phonology
hmu,Huitoto (Muinane),8,Fixed stress (no weight-sensitivity),-2.41666666667,-71.0,Witoto,Witotoan,Phonology
hun,Hungarian,8,Fixed stress (no weight-sensitivity),47.0,20.0,Ugric,Uralic,Phonology
hzb,Hunzib,3,Right-edge: Ultimate or penultimate,42.1666666667,46.25,Avar-Andic-Tsezic,Nakh-Daghestanian,Phonology
iaa,Iaai,8,Fixed stress (no weight-sensitivity),-20.4166666667,166.583333333,Oceanic,Austronesian,Phonology
ice,Icelandic,8,Fixed stress (no weight-sensitivity),65.0,-17.0,Germanic,Indo-European,Phonology
ind,Indonesian,8,Fixed stress (no weight-sensitivity),0.0,106.0,Malayo-Sumbawan,Austronesian,Phonology
iga,Inga,3,Right-edge: Ultimate or penultimate,1.0,-77.0,Quechuan,Quechuan,Phonology
ing,Ingush,8,Fixed stress (no weight-sensitivity),43.1666666667,45.0833333333,Nakh,Nakh-Daghestanian,Phonology
irq,Iraqw,6,Combined: Right-edge and unbounded,-4.0,35.5,Southern Cushitic,Afro-Asiatic,Phonology
irr,Irarutu,8,Fixed stress (no weight-sensitivity),-3.0,133.5,South Halmahera - West New Guinea,Austronesian,Phonology
iri,Irish,8,Fixed stress (no weight-sensitivity),53.0,-8.0,Celtic,Indo-European,Phonology
irm,Irish (Munster),5,Unbounded: Stress can be anywhere,52.5,-9.0,Celtic,Indo-European,Phonology
ita,Italian,3,Right-edge: Ultimate or penultimate,43.0,12.0,Romance,Indo-European,Phonology
jak,Jakaltek,8,Fixed stress (no weight-sensitivity),15.6666666667,-91.6666666667,Mayan,Mayan,Phonology
jaq,Jaqaru,8,Fixed stress (no weight-sensitivity),-13.0,-76.0,Aymaran,Aymaran,Phonology
jav,Javanese,3,Right-edge: Ultimate or penultimate,-7.0,111.0,Javanese,Austronesian,Phonology
jum,Júma,8,Fixed stress (no weight-sensitivity),-7.5,-64.0,Maweti-Guarani,Tupian,Phonology
kli,Kaili,8,Fixed stress (no weight-sensitivity),-1.16666666667,120.0,Celebic,Austronesian,Phonology
kaw,Kaiwá,8,Fixed stress (no weight-sensitivity),-23.0,-55.0,Maweti-Guarani,Tupian,Phonology
kal,Kalami,8,Fixed stress (no weight-sensitivity),35.5,72.5,Indic,Indo-European,Phonology
klp,Kalapuya,8,Fixed stress (no weight-sensitivity),44.5,-123.0,Kalapuyan,Kalapuyan,Phonology
kgu,Kalkatungu,8,Fixed stress (no weight-sensitivity),-21.0,139.5,Northern Pama-Nyungan,Pama-Nyungan,Phonology
kam,Kambera,8,Fixed stress (no weight-sensitivity),-9.83333333333,120.166666667,Central Malayo-Polynesian,Austronesian,Phonology
kra,Kara (in Papua New Guinea),5,Unbounded: Stress can be anywhere,-2.83333333333,151.116666667,Oceanic,Austronesian,Phonology
krl,Karelian,8,Fixed stress (no weight-sensitivity),64.0,32.0,Finnic,Uralic,Phonology
krk,Karok,5,Unbounded: Stress can be anywhere,41.6666666667,-123.0,Karok,Hokan,Phonology
ksh,Kashaya,2,Left-oriented: One of the first three,38.6666666667,-123.333333333,Pomoan,Hokan,Phonology
kaj,Kaure,5,Unbounded: Stress can be anywhere,-3.41666666667,140.083333333,Kaure,Kaure,Phonology
kws,Kawaiisu,3,Right-edge: Ultimate or penultimate,36.0,-117.5,Northern Uto-Aztecan,Uto-Aztecan,Phonology
kay,Kayardild,8,Fixed stress (no weight-sensitivity),-17.05,139.5,Tangkic,Tangkic,Phonology
kei,Kei,8,Fixed stress (no weight-sensitivity),-5.83333333333,132.916666667,Central Malayo-Polynesian,Austronesian,Phonology
kap,Kela (Apoze),8,Fixed stress (no weight-sensitivity),-7.41666666667,147.083333333,Oceanic,Austronesian,Phonology
ker,Kera,5,Unbounded: Stress can be anywhere,9.83333333333,15.0833333333,East Chadic,Afro-Asiatic,Phonology
ktn,Ketengban,7,Not predictable,-4.5,140.5,Mek,Trans-New Guinea,Phonology
kew,Kewa,7,Not predictable,-6.5,143.833333333,Enga_Kewa-Huli,Trans-New Guinea,Phonology
kha,Khalkha,5,Unbounded: Stress can be anywhere,47.0,105.0,Mongolic,Altaic,Phonology
khs,Khasi,8,Fixed stress (no weight-sensitivity),25.5,92.0,Khasian,Austro-Asiatic,Phonology
khm,Khmer,8,Fixed stress (no weight-sensitivity),12.5,105.0,Khmer,Austro-Asiatic,Phonology
kmu,Khmu',8,Fixed stress (no weight-sensitivity),21.0,102.0,Khmuic,Austro-Asiatic,Phonology
klv,Kilivila,3,Right-edge: Ultimate or penultimate,-8.5,151.083333333,Oceanic,Austronesian,Phonology
ksr,Kisar,8,Fixed stress (no weight-sensitivity),-8.08333333333,127.116666667,Central Malayo-Polynesian,Austronesian,Phonology
kit,Kitsai,7,Not predictable,31.8333333333,-96.5,Northern Caddoan,Caddoan,Phonology
klm,Klamath,5,Unbounded: Stress can be anywhere,42.5,-121.5,Klamath-Modoc,Penutian,Phonology
koa,Koasati,3,Right-edge: Ultimate or penultimate,34.8333333333,-85.1666666667,Muskogean,Muskogean,Phonology
kob,Kobon,8,Fixed stress (no weight-sensitivity),-5.16666666667,144.333333333,Kalam-Kobon,Trans-New Guinea,Phonology
koo,Kola,8,Fixed stress (no weight-sensitivity),-5.5,134.5,Central Malayo-Polynesian,Austronesian,Phonology
kop,Komi-Permyak,5,Unbounded: Stress can be anywhere,59.5,54.5,Permic,Uralic,Phonology
kon,Kongo,8,Fixed stress (no weight-sensitivity),-5.0,15.0,Bantu,Niger-Congo,Phonology
kjo,Konjo,8,Fixed stress (no weight-sensitivity),-5.46666666667,120.333333333,South Sulawesi,Austronesian,Phonology
kfe,Koromfe,8,Fixed stress (no weight-sensitivity),14.25,-0.916666666667,Koromfe,Niger-Congo,Phonology
koy,Koya,8,Fixed stress (no weight-sensitivity),17.5,81.3333333333,Dravidian,Dravidian,Phonology
kro,Krongo,5,Unbounded: Stress can be anywhere,10.5,30.0,Kadugli,Kadu,Phonology
kya,Kuku-Yalanji,8,Fixed stress (no weight-sensitivity),-16.0,145.0,Northern Pama-Nyungan,Pama-Nyungan,Phonology
kuz,Kulamanen,3,Right-edge: Ultimate or penultimate,7.75,125.0,Greater Central Philippine,Austronesian,Phonology
knm,Kunama,4,Right-oriented: One of the last three,14.5,37.0,Kunama,Kunama,Phonology
kjn,Kunjen,8,Fixed stress (no weight-sensitivity),-16.5,142.5,Northern Pama-Nyungan,Pama-Nyungan,Phonology
kut,Kutenai,8,Fixed stress (no weight-sensitivity),49.5,-116.0,Kutenai,Kutenai,Phonology
kuu,Kuuku Ya'u,5,Unbounded: Stress can be anywhere,-12.5833333333,143.083333333,Northern Pama-Nyungan,Pama-Nyungan,Phonology
kwa,Kwaio,8,Fixed stress (no weight-sensitivity),-8.95,161.0,Oceanic,Austronesian,Phonology
kwk,Kwakw'ala,5,Unbounded: Stress can be anywhere,51.0,-127.0,Northern Wakashan,Wakashan,Phonology
lmh,Lamaholot,3,Right-edge: Ultimate or penultimate,-8.25,122.916666667,Central Malayo-Polynesian,Austronesian,Phonology
lmp,Lampung,8,Fixed stress (no weight-sensitivity),-5.0,105.0,Lampungic,Austronesian,Phonology
lla,Lamu-Lamu,8,Fixed stress (no weight-sensitivity),-14.8333333333,144.5,Northern Pama-Nyungan,Pama-Nyungan,Phonology
lan,Lango,8,Fixed stress (no weight-sensitivity),2.16666666667,33.0,Western Nilotic,Eastern Sudanic,Phonology
lar,Laragia,2,Left-oriented: One of the first three,-12.6666666667,130.833333333,Laragiya,Darwin Region,Phonology
lrk,Larike,8,Fixed stress (no weight-sensitivity),-3.75,127.916666667,Central Malayo-Polynesian,Austronesian,Phonology
lat,Latvian,8,Fixed stress (no weight-sensitivity),57.0,24.0,Baltic,Indo-European,Phonology
lje,Lauje,8,Fixed stress (no weight-sensitivity),-0.5,120.0,Celebic,Austronesian,Phonology
lav,Lavukaleve,8,Fixed stress (no weight-sensitivity),-9.08333333333,159.2,Lavukaleve,Solomons East Papuan,Phonology
len,Lenakel,8,Fixed stress (no weight-sensitivity),-19.45,169.25,Oceanic,Austronesian,Phonology
let,Leti,3,Right-edge: Ultimate or penultimate,-8.2,127.666666667,Central Malayo-Polynesian,Austronesian,Phonology
lez,Lezgian,1,Left-edge: First or second,41.6666666667,47.8333333333,Lezgic,Nakh-Daghestanian,Phonology
lit,Lithuanian,5,Unbounded: Stress can be anywhere,55.0,24.0,Baltic,Indo-European,Phonology
liv,Liv,8,Fixed stress (no weight-sensitivity),56.8333333333,24.0,Finnic,Uralic,Phonology
ara,Lokono,8,Fixed stress (no weight-sensitivity),5.5,-55.1666666667,Antillean Arawakan,Arawakan,Phonology
lui,Luiseño,1,Left-edge: First or second,33.3333333333,-117.166666667,Northern Uto-Aztecan,Uto-Aztecan,Phonology
luv,Luvale,8,Fixed stress (no weight-sensitivity),-12.0,22.0,Bantu,Niger-Congo,Phonology
myn,Ma'anyan,8,Fixed stress (no weight-sensitivity),-2.0,115.0,Barito,Austronesian,Phonology
mcd,Macedonian,8,Fixed stress (no weight-sensitivity),41.6666666667,21.75,Slavic,Indo-European,Phonology
mac,Macushi,8,Fixed stress (no weight-sensitivity),4.0,-60.0,Cariban,Cariban,Phonology
mdm,Madimadi,1,Left-edge: First or second,-34.5,143.5,Southeastern Pama-Nyungan,Pama-Nyungan,Phonology
mae,Mae,8,Fixed stress (no weight-sensitivity),-16.0,167.25,Oceanic,Austronesian,Phonology
mne,Maidu (Northeast),1,Left-edge: First or second,40.0,-120.666666667,Maiduan,Penutian,Phonology
mrs,Mairasi,3,Right-edge: Ultimate or penultimate,-3.5,134.0,Mairasic,Mairasic,Phonology
mai,Maithili,4,Right-oriented: One of the last three,26.0,86.0,Indic,Indo-European,Phonology
mak,Makah,1,Left-edge: First or second,48.3333333333,-124.666666667,Southern Wakashan,Wakashan,Phonology
mks,Makassar,8,Fixed stress (no weight-sensitivity),-5.41666666667,119.583333333,South Sulawesi,Austronesian,Phonology
mlc,Malacca Creole,3,Right-edge: Ultimate or penultimate,2.2,102.25,Creoles and Pidgins,other,Phonology
mal,Malagasy,8,Fixed stress (no weight-sensitivity),-20.0,47.0,Barito,Austronesian,Phonology
mlk,Malakmalak,1,Left-edge: First or second,-13.4166666667,130.416666667,Northern Daly,Northern Daly,Phonology
mly,Malay,3,Right-edge: Ultimate or penultimate,3.0,102.0,Malayo-Sumbawan,Austronesian,Phonology
mym,Malayalam,1,Left-edge: First or second,10.0,76.5,Dravidian,Dravidian,Phonology
mlt,Maltese,3,Right-edge: Ultimate or penultimate,35.9166666667,14.4166666667,Semitic,Afro-Asiatic,Phonology
mam,Mam,6,Combined: Right-edge and unbounded,15.0,-91.8333333333,Mayan,Mayan,Phonology
mms,Mamasa,8,Fixed stress (no weight-sensitivity),-3.08333333333,119.666666667,South Sulawesi,Austronesian,Phonology
mnm,Manam,4,Right-oriented: One of the last three,-4.0,145.0,Oceanic,Austronesian,Phonology
mnd,Mandarin,7,Not predictable,34.0,110.0,Chinese,Sino-Tibetan,Phonology
myi,Mangarrayi,8,Fixed stress (no weight-sensitivity),-14.6666666667,133.5,Mangarrayi,Mangarrayi-Maran,Phonology
mng,Manggarai,3,Right-edge: Ultimate or penultimate,-8.5,120.333333333,Central Malayo-Polynesian,Austronesian,Phonology
mns,Mansi,8,Fixed stress (no weight-sensitivity),62.0,62.0,Ugric,Uralic,Phonology
mnj,Mantjiltjara,8,Fixed stress (no weight-sensitivity),-22.6666666667,125.083333333,Western Pama-Nyungan,Pama-Nyungan,Phonology
mnx,Manx,8,Fixed stress (no weight-sensitivity),54.1666666667,-4.5,Celtic,Indo-European,Phonology
mao,Maori,5,Unbounded: Stress can be anywhere,-40.0,176.0,Oceanic,Austronesian,Phonology
map,Mapudungun,8,Fixed stress (no weight-sensitivity),-38.0,-72.0,Araucanian,Araucanian,Phonology
mku,Maranungku,8,Fixed stress (no weight-sensitivity),-13.6666666667,130.0,Wagaydy,Western Daly,Phonology
mny,Margany,8,Fixed stress (no weight-sensitivity),-27.0,144.5,Northern Pama-Nyungan,Pama-Nyungan,Phonology
mah,Mari (Hill),6,Combined: Right-edge and unbounded,57.0,58.0,Mari,Uralic,Phonology
mme,Mari (Meadow),5,Unbounded: Stress can be anywhere,57.0,48.0,Mari,Uralic,Phonology
mar,Maricopa,8,Fixed stress (no weight-sensitivity),33.1666666667,-113.166666667,Yuman,Hokan,Phonology
mrd,Marind,8,Fixed stress (no weight-sensitivity),-7.83333333333,140.166666667,Marind-Yaqay,Trans-New Guinea,Phonology
mrt,Martuthunira,8,Fixed stress (no weight-sensitivity),-20.8333333333,116.5,Western Pama-Nyungan,Pama-Nyungan,Phonology
mau,Maung,8,Fixed stress (no weight-sensitivity),-11.9166666667,133.5,Iwaidjan,Iwaidjan,Phonology
may,Maybrat,8,Fixed stress (no weight-sensitivity),-1.33333333333,132.5,Maybrat,Maybrat,Phonology
myy,Mayi-Yapi,8,Fixed stress (no weight-sensitivity),-20.0,141.0,Northern Pama-Nyungan,Pama-Nyungan,Phonology
mbb,Mbabaram,8,Fixed stress (no weight-sensitivity),-17.1666666667,145.0,Northern Pama-Nyungan,Pama-Nyungan,Phonology
meb,Melayu Betawi,3,Right-edge: Ultimate or penultimate,-6.5,107.0,Creoles and Pidgins,other,Phonology
men,Menomini,5,Unbounded: Stress can be anywhere,45.5,-88.3333333333,Algonquian,Algic,Phonology
mnt,Mentawai,8,Fixed stress (no weight-sensitivity),-1.5,99.0,Northwest Sumatra-Barrier Islands,Austronesian,Phonology
mta,Mentuh Tapuh,8,Fixed stress (no weight-sensitivity),1.25,111.0,Land Dayak,Austronesian,Phonology
mea,Meyah,7,Not predictable,-1.16666666667,133.5,East Bird's Head,East Bird's Head,Phonology
min,Minangkabau,8,Fixed stress (no weight-sensitivity),-1.0,101.0,Malayo-Sumbawan,Austronesian,Phonology
mis,Miskito,8,Fixed stress (no weight-sensitivity),14.0,-83.6666666667,Misumalpan,Misumalpan,Phonology
mcs,Miwok (Central Sierra),1,Left-edge: First or second,38.0,-120.333333333,Miwok,Penutian,Phonology
mwn,Miwok (Northern Sierra),1,Left-edge: First or second,38.3333333333,-120.666666667,Miwok,Penutian,Phonology
mss,Miwok (Southern Sierra),1,Left-edge: First or second,37.5,-120.0,Miwok,Penutian,Phonology
moh,Mohawk,8,Fixed stress (no weight-sensitivity),43.5,-74.25,Northern Iroquoian,Iroquoian,Phonology
mgd,Mongondow,8,Fixed stress (no weight-sensitivity),0.666666666667,124.0,Greater Central Philippine,Austronesian,Phonology
mmo,Mordvin (Moksha),5,Unbounded: Stress can be anywhere,54.0,44.0,Mordvin,Uralic,Phonology
mna,Muna,8,Fixed stress (no weight-sensitivity),-5.0,122.5,Celebic,Austronesian,Phonology
mun,Mundari,3,Right-edge: Ultimate or penultimate,23.0,84.6666666667,Munda,Austro-Asiatic,Phonology
mse,Munsee,4,Right-oriented: One of the last three,41.5,-74.6666666667,Algonquian,Algic,Phonology
mrk,Murik,5,Unbounded: Stress can be anywhere,-3.83333333333,144.25,Lower Sepik,Ramu-Lower Sepik,Phonology
mrl,Murle,5,Unbounded: Stress can be anywhere,6.5,33.5,South Surmic,Eastern Sudanic,Phonology
mrw,Muruwari,5,Unbounded: Stress can be anywhere,-28.75,147.0,Southeastern Pama-Nyungan,Pama-Nyungan,Phonology
nht,Nahuatl (Tetelcingo),8,Fixed stress (no weight-sensitivity),19.6666666667,-99.0,Aztecan,Uto-Aztecan,Phonology
nbb,Nambas (Big),8,Fixed stress (no weight-sensitivity),-16.0833333333,167.2,Oceanic,Austronesian,Phonology
nmb,Nambikuára (Southern),8,Fixed stress (no weight-sensitivity),-14.0,-59.5,Nambikuaran,Nambikuaran,Phonology
npu,Napu,8,Fixed stress (no weight-sensitivity),-1.33333333333,120.416666667,Celebic,Austronesian,Phonology
ndy,Ndyuka,5,Unbounded: Stress can be anywhere,4.5,-54.5,Creoles and Pidgins,other,Phonology
ntu,Nenets,8,Fixed stress (no weight-sensitivity),70.0,76.0,Samoyedic,Uralic,Phonology
nne,Nengone,8,Fixed stress (no weight-sensitivity),-21.5,168.0,Oceanic,Austronesian,Phonology
naj,Neo-Aramaic (Arbel Jewish),8,Fixed stress (no weight-sensitivity),36.3833,44.0,Semitic,Afro-Asiatic,Phonology
nsy,Neo-Aramaic (Assyrian),8,Fixed stress (no weight-sensitivity),36.0,41.0,Semitic,Afro-Asiatic,Phonology
nep,Nepali,1,Left-edge: First or second,28.0,85.0,Indic,Indo-European,Phonology
nez,Nez Perce,7,Not predictable,46.0,-116.0,Sahaptian,Penutian,Phonology
ngd,Ngad'a,3,Right-edge: Ultimate or penultimate,-8.83333333333,121.0,Central Malayo-Polynesian,Austronesian,Phonology
ngl,Ngalakan,8,Fixed stress (no weight-sensitivity),-14.25,134.0,Eastern Gunwinyguan,Gunwinyguan,Phonology
nkb,Ngalkbun,8,Fixed stress (no weight-sensitivity),-13.5,134.833333333,Marne,Gunwinyguan,Phonology
ngr,Ngarinyeri,8,Fixed stress (no weight-sensitivity),-36.0,140.0,Southeastern Pama-Nyungan,Pama-Nyungan,Phonology
ngi,Ngiyambaa,5,Unbounded: Stress can be anywhere,-31.75,145.5,Southeastern Pama-Nyungan,Pama-Nyungan,Phonology
nia,Nias,8,Fixed stress (no weight-sensitivity),1.0,97.75,Northwest Sumatra-Barrier Islands,Austronesian,Phonology
nin,Ningil,8,Fixed stress (no weight-sensitivity),-3.5,142.25,East Wapei,Torricelli,Phonology
niv,Nivkh,8,Fixed stress (no weight-sensitivity),53.3333333333,142.0,Nivkh,Nivkh,Phonology
nor,Norwegian,4,Right-oriented: One of the last three,61.0,8.0,Germanic,Indo-European,Phonology
nua,Nuaulu,8,Fixed stress (no weight-sensitivity),-3.25,129.166666667,Central Malayo-Polynesian,Austronesian,Phonology
nbd,Nubian (Dongolese),5,Unbounded: Stress can be anywhere,18.25,30.75,Nubian,Eastern Sudanic,Phonology
nug,Nunggubuyu,8,Fixed stress (no weight-sensitivity),-13.75,135.666666667,Nunggubuyu,Gunwinyguan,Phonology
nbo,Nyambo,8,Fixed stress (no weight-sensitivity),-1.0,31.3333333333,Bantu,Niger-Congo,Phonology
nya,Nyawaygi,1,Left-edge: First or second,-19.0,146.166666667,Northern Pama-Nyungan,Pama-Nyungan,Phonology
nju,Nyungar,8,Fixed stress (no weight-sensitivity),-33.75,122.0,Western Pama-Nyungan,Pama-Nyungan,Phonology
obk,Obokuitai,5,Unbounded: Stress can be anywhere,-3.0,138.0,East Tariku,Lakes Plain,Phonology
occ,Occitan,3,Right-edge: Ultimate or penultimate,44.0,2.0,Romance,Indo-European,Phonology
olm,Oloh Mangtangai,8,Fixed stress (no weight-sensitivity),-0.833333333333,113.0,Barito,Austronesian,Phonology
ond,Oneida,8,Fixed stress (no weight-sensitivity),43.0,-75.6666666667,Northern Iroquoian,Iroquoian,Phonology
ono,Ono,8,Fixed stress (no weight-sensitivity),-6.16666666667,147.583333333,Huon,Trans-New Guinea,Phonology
orc,Oroch,8,Fixed stress (no weight-sensitivity),50.3333333333,137.5,Tungusic,Altaic,Phonology
oss,Ossetic,1,Left-edge: First or second,43.0,44.0,Iranian,Indo-European,Phonology
oto,Oto,1,Left-edge: First or second,40.5,-96.0,Mississippi Valley Siouan,Siouan,Phonology
pkn,Paakantyi,8,Fixed stress (no weight-sensitivity),-32.5,142.5,Central Pama-Nyungan,Pama-Nyungan,Phonology
pms,Paamese,8,Fixed stress (no weight-sensitivity),-16.5,168.25,Oceanic,Austronesian,Phonology
pad,Padoe,8,Fixed stress (no weight-sensitivity),-2.33333333333,121.333333333,Celebic,Austronesian,Phonology
pag,Pagu,8,Fixed stress (no weight-sensitivity),1.25,127.75,North Halmaheran,North Halmaheran,Phonology
put,Paiute (Southern),8,Fixed stress (no weight-sensitivity),37.8333333333,-113.333333333,Northern Uto-Aztecan,Uto-Aztecan,Phonology
pai,Paiwan,8,Fixed stress (no weight-sensitivity),22.5,120.833333333,Paiwan,Austronesian,Phonology
pna,Pamona,8,Fixed stress (no weight-sensitivity),-1.75,120.833333333,Celebic,Austronesian,Phonology
psh,Pashto,7,Not predictable,33.0,67.0,Iranian,Indo-European,Phonology
psm,Passamaquoddy-Maliseet,4,Right-oriented: One of the last three,45.0,-67.0,Algonquian,Algic,Phonology
plh,Paulohi,8,Fixed stress (no weight-sensitivity),-3.25,128.75,Central Malayo-Polynesian,Austronesian,Phonology
pau,Paumarí,8,Fixed stress (no weight-sensitivity),-6.0,-64.0,Arauan,Arauan,Phonology
prs,Persian,8,Fixed stress (no weight-sensitivity),32.0,54.0,Iranian,Indo-European,Phonology
pin,Pintupi,8,Fixed stress (no weight-sensitivity),-23.0,129.0,Western Pama-Nyungan,Pama-Nyungan,Phonology
prh,Pirahã,4,Right-oriented: One of the last three,-7.0,-62.0,Mura,Mura,Phonology
pir,Piro,8,Fixed stress (no weight-sensitivity),-11.0,-73.5,Purus,Arawakan,Phonology
pit,Pitjantjatjara,8,Fixed stress (no weight-sensitivity),-26.0,130.0,Western Pama-Nyungan,Pama-Nyungan,Phonology
ppi,Pitta Pitta,8,Fixed stress (no weight-sensitivity),-22.8333333333,140.0,Central Pama-Nyungan,Pama-Nyungan,Phonology
pkm,Pokomchí,8,Fixed stress (no weight-sensitivity),15.4166666667,-90.5,Mayan,Mayan,Phonology
plb,Polabian,3,Right-edge: Ultimate or penultimate,51.0,12.8333333333,Slavic,Indo-European,Phonology
pol,Polish,8,Fixed stress (no weight-sensitivity),52.0,20.0,Slavic,Indo-European,Phonology
pme,Pomo (Eastern),8,Fixed stress (no weight-sensitivity),39.0,-122.666666667,Pomoan,Hokan,Phonology
por,Portuguese,3,Right-edge: Ultimate or penultimate,39.0,-8.0,Romance,Indo-European,Phonology
plp,Pulopetak,8,Fixed stress (no weight-sensitivity),1.41666666667,109.833333333,Barito,Austronesian,Phonology
pul,Puluwat,5,Unbounded: Stress can be anywhere,7.33333333333,149.333333333,Oceanic,Austronesian,Phonology
pur,Purépecha,8,Fixed stress (no weight-sensitivity),19.5,-101.666666667,Tarascan,Tarascan,Phonology
que,Quechan,8,Fixed stress (no weight-sensitivity),32.8333333333,-114.333333333,Yuman,Hokan,Phonology
qay,Quechua (Ayacucho),8,Fixed stress (no weight-sensitivity),-14.0,-74.0,Quechuan,Quechuan,Phonology
qim,Quechua (Imbabura),8,Fixed stress (no weight-sensitivity),0.333333333333,-78.0,Quechuan,Quechuan,Phonology
qch,Quiché,8,Fixed stress (no weight-sensitivity),15.0,-91.4166666667,Mayan,Mayan,Phonology
ram,Rama,7,Not predictable,11.75,-83.75,Rama,Chibchan,Phonology
rap,Rapanui,8,Fixed stress (no weight-sensitivity),-27.1166666667,-109.366666667,Oceanic,Austronesian,Phonology
rit,Ritharngu,8,Fixed stress (no weight-sensitivity),-12.8333333333,135.5,Western Pama-Nyungan,Pama-Nyungan,Phonology
rnr,Romani (North Russian),8,Fixed stress (no weight-sensitivity),60.0,38.0,Indic,Indo-European,Phonology
rom,Romanian,3,Right-edge: Ultimate or penultimate,46.0,25.0,Romance,Indo-European,Phonology
rsm,Romansch (Surmeiran),3,Right-edge: Ultimate or penultimate,46.5833333333,9.75,Romance,Indo-European,Phonology
ror,Roro,1,Left-edge: First or second,-8.75,146.583333333,Oceanic,Austronesian,Phonology
rti,Roti,8,Fixed stress (no weight-sensitivity),-10.6666666667,123.25,Central Malayo-Polynesian,Austronesian,Phonology
rot,Rotuman,3,Right-edge: Ultimate or penultimate,-12.5,177.066666667,Oceanic,Austronesian,Phonology
rus,Russian,5,Unbounded: Stress can be anywhere,56.0,38.0,Slavic,Indo-European,Phonology
sno,Saami (Northern),8,Fixed stress (no weight-sensitivity),69.0,24.0,Saami,Uralic,Phonology
sao,Saho,7,Not predictable,14.75,39.75,Lowland East Cushitic,Afro-Asiatic,Phonology
sah,Sahu,8,Fixed stress (no weight-sensitivity),1.16666666667,127.5,North Halmaheran,North Halmaheran,Phonology
sak,Sakao,3,Right-edge: Ultimate or penultimate,-15.1666666667,167.083333333,Oceanic,Austronesian,Phonology
sps,Salish (Southern Puget Sound),7,Not predictable,47.25,-122.5,Central Salish,Salishan,Phonology
sbg,Sama (Balangingi),8,Fixed stress (no weight-sensitivity),6.16666666667,121.833333333,Sama-Bajaw,Austronesian,Phonology
sgr,Sangir,8,Fixed stress (no weight-sensitivity),3.5,125.5,Sangiric,Austronesian,Phonology
snm,Sanuma,8,Fixed stress (no weight-sensitivity),4.5,-64.6666666667,Yanomam,Yanomam,Phonology
srd,Sardinian,3,Right-edge: Ultimate or penultimate,40.0,9.0,Romance,Indo-European,Phonology
swi,Sawai,3,Right-edge: Ultimate or penultimate,0.5,128.0,South Halmahera - West New Guinea,Austronesian,Phonology
sed,Sedang,8,Fixed stress (no weight-sensitivity),14.8333333333,108.0,Bahnaric,Austro-Asiatic,Phonology
sru,Selaru,3,Right-edge: Ultimate or penultimate,-8.2,131.0,Central Malayo-Polynesian,Austronesian,Phonology
sly,Selayar,8,Fixed stress (no weight-sensitivity),-6.0,120.5,South Sulawesi,Austronesian,Phonology
slp,Selepet,8,Fixed stress (no weight-sensitivity),-6.16666666667,147.166666667,Huon,Trans-New Guinea,Phonology
skp,Selkup,1,Left-edge: First or second,65.0,82.0,Samoyedic,Uralic,Phonology
sml,Semelai,8,Fixed stress (no weight-sensitivity),3.0,103.0,Aslian,Austro-Asiatic,Phonology
snc,Seneca,4,Right-oriented: One of the last three,42.5,-77.5,Northern Iroquoian,Iroquoian,Phonology
snt,Sentani,3,Right-edge: Ultimate or penultimate,-2.58333333333,140.583333333,Sentanic,Sentanic,Phonology
scr,Serbian-Croatian,5,Unbounded: Stress can be anywhere,44.0,19.0,Slavic,Indo-European,Phonology
ser,Seri,5,Unbounded: Stress can be anywhere,29.0,-112.0,Seri,Hokan,Phonology
shk,Shipibo-Konibo,1,Left-edge: First or second,-7.5,-75.0,Panoan,Pano-Tacanan,Phonology
shi,Shiriana,8,Fixed stress (no weight-sensitivity),3.5,-62.8333333333,Yanomam,Yanomam,Phonology
skr,Sikaritai,5,Unbounded: Stress can be anywhere,-2.91666666667,138.25,East Tariku,Lakes Plain,Phonology
skl,Sikule,8,Fixed stress (no weight-sensitivity),2.66666666667,96.0,Northwest Sumatra-Barrier Islands,Austronesian,Phonology
sdh,Sindhi,6,Combined: Right-edge and unbounded,26.0,69.0,Indic,Indo-European,Phonology
sio,Sio,3,Right-edge: Ultimate or penultimate,-5.95,147.333333333,Oceanic,Austronesian,Phonology
sro,Siroi,8,Fixed stress (no weight-sensitivity),-5.5,146.0,Rai Coast,Trans-New Guinea,Phonology
sla,Slave,7,Not predictable,67.0,-125.0,Athapaskan,Na-Dene,Phonology
svk,Slovak,8,Fixed stress (no weight-sensitivity),49.0,20.0,Slavic,Indo-European,Phonology
slo,Slovene,5,Unbounded: Stress can be anywhere,46.0,15.0,Slavic,Indo-European,Phonology
svc,Slovincian,5,Unbounded: Stress can be anywhere,54.0,16.0,Slavic,Indo-European,Phonology
srb,Sorbian,8,Fixed stress (no weight-sensitivity),51.5,14.0,Slavic,Indo-European,Phonology
sea,Southeast Ambrym,3,Right-edge: Ultimate or penultimate,-16.3,168.216666667,Oceanic,Austronesian,Phonology
spa,Spanish,3,Right-edge: Ultimate or penultimate,40.0,-4.0,Romance,Indo-European,Phonology
spo,Spokane,7,Not predictable,47.6666666667,-117.75,Interior Salish,Salishan,Phonology
squ,Squamish,8,Fixed stress (no weight-sensitivity),49.6666666667,-123.166666667,Central Salish,Salishan,Phonology
sto,Stoney,8,Fixed stress (no weight-sensitivity),53.75,-116.5,Mississippi Valley Siouan,Siouan,Phonology
sun,Sundanese,3,Right-edge: Ultimate or penultimate,-7.0,107.0,Malayo-Sumbawan,Austronesian,Phonology
sup,Supyire,8,Fixed stress (no weight-sensitivity),11.5,-5.58333333333,Senufo,Niger-Congo,Phonology
swa,Swahili,8,Fixed stress (no weight-sensitivity),-6.5,39.0,Bantu,Niger-Congo,Phonology
swe,Swedish,4,Right-oriented: One of the last three,60.0,15.0,Germanic,Indo-European,Phonology
tab,Taba,8,Fixed stress (no weight-sensitivity),0.0,127.5,South Halmahera - West New Guinea,Austronesian,Phonology
tbr,Tabaru,8,Fixed stress (no weight-sensitivity),1.5,127.25,North Halmaheran,North Halmaheran,Phonology
tbl,Tabla,4,Right-oriented: One of the last three,-2.45,140.416666667,Sentanic,Sentanic,Phonology
tac,Tacana,8,Fixed stress (no weight-sensitivity),-13.5,-68.0,Tacanan,Pano-Tacanan,Phonology
tag,Tagalog,8,Fixed stress (no weight-sensitivity),15.0,121.0,Greater Central Philippine,Austronesian,Phonology
tah,Tahitian,5,Unbounded: Stress can be anywhere,-17.6666666667,-149.583333333,Oceanic,Austronesian,Phonology
taj,Tajik,8,Fixed stress (no weight-sensitivity),38.6666666667,70.0,Iranian,Indo-European,Phonology
tld,Talaud,8,Fixed stress (no weight-sensitivity),4.25,126.75,Sangiric,Austronesian,Phonology
tns,Tanna (Southwest),3,Right-edge: Ultimate or penultimate,-19.5666666667,169.333333333,Oceanic,Austronesian,Phonology
tgw,Tarangan (West),3,Right-edge: Ultimate or penultimate,-6.5,134.166666667,Central Malayo-Polynesian,Austronesian,Phonology
tas,Tashlhiyt,8,Fixed stress (no weight-sensitivity),31.0,-5.0,Berber,Afro-Asiatic,Phonology
taw,Tawala,8,Fixed stress (no weight-sensitivity),-10.3333333333,150.666666667,Oceanic,Austronesian,Phonology
teh,Tehuelche,8,Fixed stress (no weight-sensitivity),-48.0,-68.0,Chonan Proper,Chonan,Phonology
tps,Tepehuan (Southeastern),1,Left-edge: First or second,23.0,-104.5,Tepiman,Uto-Aztecan,Phonology
thp,Thaypan,8,Fixed stress (no weight-sensitivity),-14.8333333333,143.166666667,Northern Pama-Nyungan,Pama-Nyungan,Phonology
tib,Tibetan (Standard Spoken),5,Unbounded: Stress can be anywhere,30.0,91.0,Bodic,Sino-Tibetan,Phonology
tgk,Tigak,8,Fixed stress (no weight-sensitivity),-2.71666666667,150.8,Oceanic,Austronesian,Phonology
tse,Timorese,8,Fixed stress (no weight-sensitivity),-9.66666666667,124.5,Central Malayo-Polynesian,Austronesian,Phonology
tmc,Timucua,8,Fixed stress (no weight-sensitivity),30.25,-82.5,Timucua,Timucua,Phonology
try,Tiruray,8,Fixed stress (no weight-sensitivity),6.75,124.166666667,Bilic,Austronesian,Phonology
tiw,Tiwi,8,Fixed stress (no weight-sensitivity),-11.5,131.0,Tiwian,Tiwian,Phonology
tlo,Tobelo,3,Right-edge: Ultimate or penultimate,1.5,128.5,North Halmaheran,North Halmaheran,Phonology
tol,Tol,3,Right-edge: Ultimate or penultimate,14.6666666667,-87.0,Tol,Tol,Phonology
tla,Tolai,8,Fixed stress (no weight-sensitivity),-4.25,152.083333333,Oceanic,Austronesian,Phonology
tno,Tondano,4,Right-oriented: One of the last three,1.25,125.0,Minahasan,Austronesian,Phonology
tng,Tongan,3,Right-edge: Ultimate or penultimate,-21.1666666667,-175.166666667,Oceanic,Austronesian,Phonology
tnt,Tontemboan,3,Right-edge: Ultimate or penultimate,1.08333333333,124.5,Minahasan,Austronesian,Phonology
trd,Toraja,8,Fixed stress (no weight-sensitivity),-3.0,119.75,South Sulawesi,Austronesian,Phonology
tor,Toratán,8,Fixed stress (no weight-sensitivity),1.08333333333,124.833333333,Sangiric,Austronesian,Phonology
tru,Trumai,8,Fixed stress (no weight-sensitivity),-11.9166666667,-53.5833333333,Trumai,Trumai,Phonology
tsa,Tsakhur,8,Fixed stress (no weight-sensitivity),41.6666666667,47.1666666667,Lezgic,Nakh-Daghestanian,Phonology
tsi,Tsimshian (Coast),8,Fixed stress (no weight-sensitivity),52.5,-129.0,Tsimshianic,Tsimshianic,Phonology
tua,Tuamotuan,8,Fixed stress (no weight-sensitivity),-17.0,-144.0,Oceanic,Austronesian,Phonology
tuk,Tukang Besi,8,Fixed stress (no weight-sensitivity),-5.5,123.5,Celebic,Austronesian,Phonology
tun,Tunica,8,Fixed stress (no weight-sensitivity),32.6666666667,-91.0,Tunica,Tunica,Phonology
tur,Turkish,5,Unbounded: Stress can be anywhere,39.0,35.0,Turkic,Altaic,Phonology
tzo,Tzotzil,8,Fixed stress (no weight-sensitivity),16.5,-92.6666666667,Mayan,Mayan,Phonology
tbb,Tübatulabal,8,Fixed stress (no weight-sensitivity),36.0,-118.333333333,Northern Uto-Aztecan,Uto-Aztecan,Phonology
tsh,Tümpisa Shoshone,1,Left-edge: First or second,37.0,-117.0,Northern Uto-Aztecan,Uto-Aztecan,Phonology
uli,Ulithian,7,Not predictable,9.91666666667,139.583333333,Oceanic,Austronesian,Phonology
uma,Uma,8,Fixed stress (no weight-sensitivity),-1.83333333333,120.0,Celebic,Austronesian,Phonology
unm,Unami,4,Right-oriented: One of the last three,40.0,-75.1666666667,Algonquian,Algic,Phonology
ung,Ungarinjin,1,Left-edge: First or second,-16.3333333333,126.0,Worrorran,Worrorran,Phonology
uhi,Uradhi,8,Fixed stress (no weight-sensitivity),-11.9166666667,142.416666667,Northern Pama-Nyungan,Pama-Nyungan,Phonology
urk,Urubú-Kaapor,8,Fixed stress (no weight-sensitivity),-2.33333333333,-46.5,Maweti-Guarani,Tupian,Phonology
usa,Usan,7,Not predictable,-4.83333333333,145.166666667,North Adelbert,Trans-New Guinea,Phonology
uzn,Uzbek (Northern),8,Fixed stress (no weight-sensitivity),40.6666666667,66.5,Turkic,Altaic,Phonology
vot,Votic,8,Fixed stress (no weight-sensitivity),59.5,30.0,Finnic,Uralic,Phonology
wah,Wahgi,8,Fixed stress (no weight-sensitivity),-5.83333333333,144.716666667,Chimbu-Wahgi,Trans-New Guinea,Phonology
wlm,Walmatjari,8,Fixed stress (no weight-sensitivity),-19.5,125.75,Western Pama-Nyungan,Pama-Nyungan,Phonology
wam,Wambaya,1,Left-edge: First or second,-18.6666666667,135.75,Wambayan,Mirndi,Phonology
wbn,Wambon,8,Fixed stress (no weight-sensitivity),-5.5,140.416666667,Dumut,Trans-New Guinea,Phonology
wan,Wangkumara,8,Fixed stress (no weight-sensitivity),-27.3333333333,143.0,Central Pama-Nyungan,Pama-Nyungan,Phonology
wao,Waorani,8,Fixed stress (no weight-sensitivity),-1.0,-76.5,Waorani,Waorani,Phonology
wra,Warao,8,Fixed stress (no weight-sensitivity),9.33333333333,-61.6666666667,Warao,Warao,Phonology
wrd,Wardaman,8,Fixed stress (no weight-sensitivity),-15.5,131.0,Yangmanic,Yangmanic,Phonology
war,Wari',8,Fixed stress (no weight-sensitivity),-11.3333333333,-65.0,Chapacura-Wanham,Chapacura-Wanham,Phonology
wrl,Warlpiri,8,Fixed stress (no weight-sensitivity),-20.0,132.333333333,Western Pama-Nyungan,Pama-Nyungan,Phonology
wrg,Warrgamay,1,Left-edge: First or second,-18.5833333333,146.083333333,Northern Pama-Nyungan,Pama-Nyungan,Phonology
wel,Welsh,8,Fixed stress (no weight-sensitivity),52.0,-3.0,Celtic,Indo-European,Phonology
wer,Weri,8,Fixed stress (no weight-sensitivity),-7.75,146.916666667,Core Goilalan,Trans-New Guinea,Phonology
wet,Wetan,8,Fixed stress (no weight-sensitivity),-8.16666666667,128.0,Central Malayo-Polynesian,Austronesian,Phonology
wic,Wichita,5,Unbounded: Stress can be anywhere,33.3333333333,-97.3333333333,Northern Caddoan,Caddoan,Phonology
wch,Wichí,8,Fixed stress (no weight-sensitivity),-22.5,-62.5833333333,Matacoan,Matacoan,Phonology
wnb,Winnebago,8,Fixed stress (no weight-sensitivity),43.5,-88.5,Mississippi Valley Siouan,Siouan,Phonology
wiy,Wiyot,5,Unbounded: Stress can be anywhere,40.8333333333,-124.166666667,Wiyot,Algic,Phonology
woi,Woisika,7,Not predictable,-8.25,124.833333333,Alor-Pantar,Greater West Bomberai,Phonology
wlo,Wolio,3,Right-edge: Ultimate or penultimate,-5.5,122.75,Celebic,Austronesian,Phonology
ymd,Yamdena,8,Fixed stress (no weight-sensitivity),-7.5,131.5,Central Malayo-Polynesian,Austronesian,Phonology
yan,Yana,5,Unbounded: Stress can be anywhere,40.5,-122.0,Yana,Hokan,Phonology
yny,Yanyuwa,8,Fixed stress (no weight-sensitivity),-16.4166666667,137.166666667,Western Pama-Nyungan,Pama-Nyungan,Phonology
yap,Yapese,3,Right-edge: Ultimate or penultimate,9.58333333333,138.166666667,Yapese,Austronesian,Phonology
yaq,Yaqui,8,Fixed stress (no weight-sensitivity),27.5,-110.25,Cahita,Uto-Aztecan,Phonology
ywl,Yawelmani,8,Fixed stress (no weight-sensitivity),35.4166666667,-119.0,Yokuts,Penutian,Phonology
yzv,Yazva,5,Unbounded: Stress can be anywhere,65.0,55.0,Permic,Uralic,Phonology
yel,Yelî Dnye,8,Fixed stress (no weight-sensitivity),-11.3666666667,154.166666667,Yele,Yele,Phonology
yid,Yidiny,5,Unbounded: Stress can be anywhere,-17.0,145.75,Northern Pama-Nyungan,Pama-Nyungan,Phonology
yil,Yil,1,Left-edge: First or second,-3.53333333333,142.15,East Wapei,Torricelli,Phonology
yim,Yimas,8,Fixed stress (no weight-sensitivity),-4.66666666667,143.55,Lower Sepik,Ramu-Lower Sepik,Phonology
yin,Yindjibarndi,1,Left-edge: First or second,-21.75,117.916666667,Western Pama-Nyungan,Pama-Nyungan,Phonology
yir,Yir Yoront,8,Fixed stress (no weight-sensitivity),-14.8333333333,141.833333333,Northern Pama-Nyungan,Pama-Nyungan,Phonology
yuc,Yuchi,7,Not predictable,35.75,-86.75,Yuchi,Yuchi,Phonology
yko,Yukaghir (Kolyma),5,Unbounded: Stress can be anywhere,65.75,150.833333333,Yukaghir,Yukaghir,Phonology
ypk,Yup'ik (Central),1,Left-edge: First or second,59.5,-160.0,Eskimo,Eskimo-Aleut,Phonology
ych,Yup'ik (Chevak),1,Left-edge: First or second,61.5,-165.75,Eskimo,Eskimo-Aleut,Phonology
yun,Yup'ik (Norton Sound),1,Left-edge: First or second,64.0,-161.0,Eskimo,Eskimo-Aleut,Phonology
ysl,Yupik (St. Lawrence Island),7,Not predictable,63.5,-170.5,Eskimo,Eskimo-Aleut,Phonology
yuw,Yuwaalaraay,5,Unbounded: Stress can be anywhere,-29.5,148.0,Southeastern Pama-Nyungan,Pama-Nyungan,Phonology
zqc,Zoque (Copainalá),8,Fixed stress (no weight-sensitivity),17.0,-93.25,Mixe-Zoque,Mixe-Zoque,Phonology
zul,Zulu,8,Fixed stress (no weight-sensitivity),-30.0,30.0,Bantu,Niger-Congo,Phonology
zun,Zuni,8,Fixed stress (no weight-sensitivity),35.0833333333,-108.833333333,Zuni,Zuni,Phonology
