target_form,target_ipa,source_word,source_languoid,source_meaning,source_relation,source_certain,concept,age,borrowed,form_id
zilver,z ɪ l v ə r,arpu,Akkadian,zilver,immediate,yes,the silver,0901-1000,1. clearly borrowed,Dutch-9-65-1
bok,b ɔ k,*bukko-,Celtic,bok,immediate,yes,the he-goat,0901-1000,3. perhaps borrowed,Dutch-3-37-1
eed,eː t,*oit,Celtic,eed,immediate,yes,the oath,1236,3. perhaps borrowed,Dutch-21-25-1
ijzer,ɛi z ə r,*īsarno-,Celtic,ijzer,immediate,yes,the iron,1220-1240,1. clearly borrowed,Dutch-9-67-1
lood,l oː t,*loudiom,Celtic,lood,immediate,yes,the lead,1240,1. clearly borrowed,Dutch-9-68-1
rijk,r ɛi k,*riks,Celtic,state,immediate,yes,rich,0901-1000,1. clearly borrowed,Dutch-11-51-1
alligator,ɑ l iː ɣ aː t ɔ r,alligator,English,alligator,immediate,yes,the crocodile or alligator,1734,1. clearly borrowed,Dutch-3-97-1
auto,ɑu t oː,auto(mobile),English,auto,immediate,yes,the car,1899,1. clearly borrowed,Dutch-23-14-1
baby,b eː b iː,baby,English,baby,immediate,yes,the baby,1875,1. clearly borrowed,Dutch-2-28-1
banyan,b ɑ n j a n,banyan,English,banyan,immediate,yes,the banyan,1951-2000,1. clearly borrowed,Dutch-8-85-1
boemerang,b uː m ə r ɑ ŋ,boomerang,English,the boomerang,immediate,yes,the boomerang,1889,1. clearly borrowed,Dutch-9-87-1
boot,b oː t,boat,English,boot,immediate,yes,the boat,1390,3. perhaps borrowed,Dutch-10-83-1
bus,b ʏ s,bus,English,bus,immediate,yes,the bus,1887,1. clearly borrowed,Dutch-23-15-1
film,f ɪ l m,film,English,film,immediate,yes,the film/movie,1912,1. clearly borrowed,Dutch-23-62-1
jaguar,j aː g uː ʋ ɑ r,jaguar,English,jaguar,immediate,yes,the jaguar,1770,1. clearly borrowed,Dutch-3-9-1
kangoeroe,k ɑ ŋ ɣ uː r uː,kangaroo,English,kangaroo,immediate,yes,the kangaroo,1774,1. clearly borrowed,Dutch-3-88-1
lasso,l ɑ s oː,lasso,English,lasso,immediate,yes,the lasso,1836,1. clearly borrowed,Dutch-8-29-1
lucifer,l yː s iː f ɛ r,lucifer,English,lucifer,immediate,yes,the match,1847,1. clearly borrowed,Dutch-1-87-1
lunch,l ʏ n ʃ,lunch,English,lunch,immediate,yes,the lunch,1855,1. clearly borrowed,Dutch-5-43-1
opossum,oː p ɔ s ʏ m,opossum,English,opossum,immediate,yes,the opossum,1662,1. clearly borrowed,Dutch-3-622-1
outrigger,ɑu t r i ɣ ə r,outrigger,English,outrigger,immediate,yes,the outrigger,1950,1. clearly borrowed,Dutch-10-832-1
peddel,p ɛ d ə l,paddle,English,paddle,immediate,yes,the paddle,1855,1. clearly borrowed,Dutch-10-851-1
plastic,p l ɛ s t ɪ k,plastic,English,plastic,immediate,yes,the plastic,1948,1. clearly borrowed,Dutch-23-57-1
radio,r aː d iː j oː,radio,English,the radio,immediate,yes,the radio,1904,1. clearly borrowed,Dutch-23-1-1
seks_hebben,s ɛ k s + h ɛ b ə,have sex,English,seks hebben,immediate,yes,to have sex,1951-2000,1. clearly borrowed,Dutch-4-67-1
televisie,t eː l ə v iː z iː,television,English,television,immediate,yes,the television,1914,1. clearly borrowed,Dutch-23-11-1
trein,t r ɛi n,train,English,train,immediate,yes,the train,1839,1. clearly borrowed,Dutch-23-155-1
wc,ʋ eɪ s eɪ,WC,English,"WC, short for water closet",immediate,yes,the toilet,1906,1. clearly borrowed,Dutch-23-52-2
yam,j ɑ m,yam,English,yam,immediate,yes,the yam,1695,1. clearly borrowed,Dutch-8-912-1
adres,ɑ d r ɛ s,adresse,French,address,immediate,yes,the address,1574,1. clearly borrowed,Dutch-23-385-1
baai,b aː j,baie,French,bay,immediate,yes,the bay,1617,1. clearly borrowed,Dutch-1-34-1
batterij,b ɑ t ə r ɛi,batterie,French,battery,immediate,yes,the battery,1889,1. clearly borrowed,Dutch-23-175-1
beest,b eː s t,beste,French,beest,immediate,yes,the animal,1253,1. clearly borrowed,Dutch-3-11-2
bek,b ɛ k,bec,French,beak,immediate,yes,the beak,1240,1. clearly borrowed,Dutch-4-241-1
bom,b ɔ m,bombe,French,bomb,immediate,yes,the bomb,1667,1. clearly borrowed,Dutch-23-575-1
buffel,b ʏ f ə l,buffle,French,buffel,immediate,yes,the buffalo,1287,1. clearly borrowed,Dutch-3-917-1
cassave,k ɑ s aː v ə,cassave,French,cassava,immediate,yes,the cassava/manioc,1625,1. clearly borrowed,Dutch-8-92-1
ceintuur,s ɛ n t yː r,ceinture,French,belt,immediate,yes,the belt,1462,1. clearly borrowed,Dutch-6-57-1
dansen,d ɑ n s ə,danser,French,to dance,immediate,yes,to dance,1240,1. clearly borrowed,Dutch-10-44-1
diner,d iː n eː,dîner,French,"lunch, dinner",immediate,yes,the dinner,1782,1. clearly borrowed,Dutch-5-44-1
direct,d iː r ɛ k t,direct,French,direct,immediate,yes,immediately,1647-1648,1. clearly borrowed,Dutch-14-19-1
dolfijn,d ɔ l f ɛi n,"dalfin, dauphin",French,dolfijn,immediate,yes,the porpoise or dolphin,1287,1. clearly borrowed,Dutch-3-662-1
duren,d yː r ə,durer,French,duren,immediate,yes,to last,1220-1240,1. clearly borrowed,Dutch-14-252-1
elektriciteit,eː l ɛ k t r iː s iː t ɛi t,electricity,French,elektriciteit,immediate,yes,the electricity,1736,1. clearly borrowed,Dutch-23-17-1
familie,f aː m iː l iː,famille,French,relatives,immediate,yes,the relatives,1566-1568,1. clearly borrowed,Dutch-2-81-1
fee,f eː,fée,French,fee,immediate,yes,the fairy or elf,1871,1. clearly borrowed,Dutch-22-44-2
fluit,f l œy t,flûte,French,fluit,immediate,yes,the flute,1351-1400,1. clearly borrowed,Dutch-18-71-1
fout,f ɑu t,faute,French,fault,immediate,yes,the mistake,1265-1270,1. clearly borrowed,Dutch-16-77-1
fruit,f r œy t,fruit,French,fruit,immediate,yes,the fruit,1285,1. clearly borrowed,Dutch-5-71-1
grootmoeder,x r oː t m uː d ə r,grand-mère,French,grootmoeder,immediate,yes,the grandmother,1482,5. no evidence for borrowing,Dutch-2-47-1
grootouders,x r oː t ɑu d ə r s,grand-parents,French,grootouders,immediate,yes,the grandparents,1875,5. no evidence for borrowing,Dutch-2-4711-1
grootvader,x r oː t f aː d ə r,grand-père,French,grootvader,immediate,yes,the grandfather,1545,5. no evidence for borrowing,Dutch-2-46-1
grot,x r ɔ t,grotte,French,grot,immediate,yes,the cave,1600,1. clearly borrowed,Dutch-1-28-1
gulzig,x ʏ l z ə x,golos,French,gulzig,immediate,yes,greedy,1285,1. clearly borrowed,Dutch-16-83-1
harnas,h ɑ r n ɑ s,harnasc,French,harnas,immediate,yes,the armour,1250,1. clearly borrowed,Dutch-20-31-1
idee,iː d eː,idée,French,idea,immediate,yes,the idea,1485,1. clearly borrowed,Dutch-17-19-1
imiteren,iː m iː t eː r ə,imiter,French,imiteren,immediate,yes,to imitate,1669,1. clearly borrowed,Dutch-17-172-2
injectie,ɪ n j ɛ k s iː,injection,French,injectie,immediate,yes,the injection,1778,1. clearly borrowed,Dutch-23-23-1
insect,ɪ n s ɛ k t,insecte,French,insect,immediate,yes,the insect,1660,1. clearly borrowed,Dutch-3-81-1
jaloezie,j aː l uː z iː,jalousie,French,jealousy,immediate,yes,the envy or jealousy,1300,1. clearly borrowed,Dutch-16-44-1
juist,j œy s t,juste,French,"just, right",immediate,yes,right(2),1337-1382,1. clearly borrowed,Dutch-16-73-1
jurk,j ʏ r k,journée,French,jurk,immediate,yes,the (woman's) dress,1691,1. clearly borrowed,Dutch-6-42-1
juweel,j yː ʋ eː l,joël,French,juweel,immediate,yes,the jewel,1287,1. clearly borrowed,Dutch-6-72-1
kaap,k aː p,cap,French,cape,immediate,yes,the cape,1567,1. clearly borrowed,Dutch-1-343-1
kadaver,k aː d aː v ə r,cadavre,French,corpse,immediate,yes,the carcass,1662,1. clearly borrowed,Dutch-4-771-1
kalebas,k aː l ə b ɑ s,calebasse,French,kalebas,immediate,yes,the gourd,1588,1. clearly borrowed,Dutch-8-93-1
kalm,k ɑ l m,calme,French,calm,immediate,yes,calm,1568,1. clearly borrowed,Dutch-1-322-1
kameleon,k aː m eː l eː j ɔ n,caméléon,French,kameleon,immediate,yes,the chameleon,1240,1. clearly borrowed,Dutch-3-913-1
kariboe,k aː r iː b uː,caribou,French,caribou,immediate,yes,the reindeer/caribou,1929,1. clearly borrowed,Dutch-3-871-1
katapult,k ɑ t aː p ʏ l t,catapulte,French,catapult,immediate,yes,the sling,1898,1. clearly borrowed,Dutch-20-23-1
katoen,k aː t uː n,coton,French,cotton,immediate,yes,the cotton,1272,1. clearly borrowed,Dutch-6-24-1
kleindochter,k l ɛi n d ɔ x t ə r,petite-fille,French,kleindochter,immediate,yes,the granddaughter,1760,5. no evidence for borrowing,Dutch-2-49-1
kleinkind,k l ɛi ŋ k ɪ n t,petit-enfant,French,kleinkind,immediate,yes,the grandchild,1765,5. no evidence for borrowing,Dutch-2-5-1
kleinzoon,k l ɛi n z oː n,petit-fils,French,kleinzoon,immediate,yes,the grandson,1661,5. no evidence for borrowing,Dutch-2-48-1
kleur,k l øː r,couleur,French,color,immediate,yes,the colour/color,1567,1. clearly borrowed,Dutch-15-61-1
konijn,k oː n ɛi n,conin,French,konijn,immediate,yes,the rabbit,1240,1. clearly borrowed,Dutch-3-614-1
kraal,k r aː l,coral,French,kraal,immediate,yes,the bead,1480,1. clearly borrowed,Dutch-6-76-1
krant,k r ɑ n t,courant,French,electricity,immediate,yes,the newspaper,1610,1. clearly borrowed,Dutch-23-6-1
krokodil,k r oː k oː d ɪ l,crocodile,French,crocodile,immediate,yes,the crocodile or alligator,1521,1. clearly borrowed,Dutch-3-97-2
kussen,k ʏ s ə,cussin,French,kussen (1),immediate,yes,the pillow,1201-1250,1. clearly borrowed,Dutch-7-421-1
lagune,l aː ɣ yː n ə,lagune,French,lagoon,immediate,yes,the lagoon,1824,1. clearly borrowed,Dutch-1-341-1
lamp,l ɑ m p,lampe,French,lamp,immediate,yes,the lamp or torch,1240,1. clearly borrowed,Dutch-7-45-1
machine,m ɑ ʃ iː n ə,machine,French,machine,immediate,yes,the machine,1693,1. clearly borrowed,Dutch-23-19-1
manier,m aː n iː r,manière,French,manner,immediate,yes,the manner,1260-1280,1. clearly borrowed,Dutch-17-49-1
maniok,m aː n iː j ɔ k,manioc,French,manioc,immediate,yes,the cassava/manioc,1596,1. clearly borrowed,Dutch-8-92-2
matras,m ɑ t r ɑ s,materas,French,matras,immediate,yes,the mattress,1384-1407,1. clearly borrowed,Dutch-23-53-1
meester,m eː s t ə r,maistre,French,meester,immediate,yes,the master,1236,1. clearly borrowed,Dutch-19-41-2
minister,m iː n ɪ s t ə r,ministre,French,minister (in government),immediate,yes,the minister,1698,1. clearly borrowed,Dutch-23-32-1
moskee,m ɔ s k eː,mosquée,French,mosque,immediate,yes,the mosque,1542,1. clearly borrowed,Dutch-22-132-1
muziek,m yː z iː k,musique,French,the music,immediate,yes,the music,1240,1. clearly borrowed,Dutch-23-63-1
oceaan,oː s eː j aː n,océan,French,ocean,immediate,yes,the ocean,1595,1. clearly borrowed,Dutch-1-329-1
olifant,oː l iː f ɑ n t,olifant,French,elephant,immediate,yes,the elephant,1240,1. clearly borrowed,Dutch-3-77-1
palm,p ɑ l m,"palme, palma",French,palm (1),immediate,yes,the palm of the hand,1237,1. clearly borrowed,Dutch-4-331-1
papegaai,p ɑ p ə ɣ aː j,papegai,French,papegaai,immediate,yes,the parrot,1287,1. clearly borrowed,Dutch-3-592-1
papier,p aː p iː r,papier,French,papier,immediate,yes,the paper,1361-1362,1. clearly borrowed,Dutch-18-56-1
pissen,p ɪ s ə,pissier,French,pissen,immediate,yes,to piss,1240,1. clearly borrowed,Dutch-4-65-1
plaats,p l aː t s,place,French,plaats,immediate,yes,the place,1285,1. clearly borrowed,Dutch-12-11-1
plat,p l ɑ t,plat,French,flat,immediate,yes,flat,1287,1. clearly borrowed,Dutch-12-71-1
politie,p oː l iː t s iː,police,French,"city guardians, police",immediate,yes,the police,1798,1. clearly borrowed,Dutch-23-33-1
pompoen,p ɔ m p uː n,pompon,French,pompoen,immediate,yes,the pumpkin or squash,1562,1. clearly borrowed,Dutch-8-931-1
post,p ɔ s t,poste,French,post/mail,immediate,yes,the post/mail,1525,1. clearly borrowed,Dutch-23-4-1
president,p r eː z iː d ɛ n t,président,French,president,immediate,yes,the president,1830,1. clearly borrowed,Dutch-23-31-1
prijs,p r ɛi s,pris,French,prijs,immediate,yes,the price,1250,1. clearly borrowed,Dutch-11-87-1
proeven,p r uː v ə,prover,French,proeven,immediate,yes,to taste,1200,1. clearly borrowed,Dutch-15-31-1
prostituee,p r ɔ s t iː t yː ʋ eː,prostituée,French,prostitute,immediate,yes,the prostitute,1878,1. clearly borrowed,Dutch-19-72-2
resten,r ɛ s t ə,reste,French,resten,immediate,yes,the remains,1452,1. clearly borrowed,Dutch-12-17-1
rijst,r ɛi s t,ris,French,rijst,immediate,yes,the rice,1252,1. clearly borrowed,Dutch-8-48-1
rivier,r iː v iː r,riviere,French,rivier,immediate,yes,the river or stream,1240,1. clearly borrowed,Dutch-1-36-1
rollen,r ɔ l ə,rouler,French,to roll,immediate,yes,to roll,1285,1. clearly borrowed,Dutch-10-15-1
rond,r ɔ n t,rond,French,rond,immediate,yes,round,1236,1. clearly borrowed,Dutch-12-81-1
roos,r oː s,rose,French,a certain flower,immediate,yes,the dandruff,1240,1. clearly borrowed,Dutch-4-146-1
savanne,s aː v ɑ n ə,savanne,French,savanne,immediate,yes,the savanna,1630,1. clearly borrowed,Dutch-1-411-1
schoonbroer,s x oː m b r uː r,beau-frère,French,schoonbroer,immediate,yes,the sibling-in-law,1555,5. no evidence for borrowing,Dutch-2-6412-1
schoondochter,s x oː n d ɔ x t ə r,belle-fille,French,daughter-in-law,immediate,yes,the daughter-in-law (of a man),1477,5. no evidence for borrowing,Dutch-2-64-1
schoondochter,s x oː n d ɔ x t ə r,belle-fille,French,daughter-in-law,immediate,yes,the daughter-in-law (of a woman),1477,5. no evidence for borrowing,Dutch-2-641-1
schoonkind,s x oː n k ɪ n t,beau-enfant,French,schoonkind,immediate,yes,the child-in-law,1912,5. no evidence for borrowing,Dutch-2-6411-1
schoonmoeder,s x oː n m uː d ə r,belle-mère,French,mother-in-law,immediate,yes,the mother-in-law (of a man),1477,5. no evidence for borrowing,Dutch-2-62-1
schoonmoeder,s x oː n m uː d ə r,belle-mère,French,mother-in-law,immediate,yes,the mother-in-law (of a woman),1477,5. no evidence for borrowing,Dutch-2-621-1
schoonouders,s x oː n ɑu d ə r s,beaux-parents,French,schoonouders,immediate,yes,the parents-in-law,1862,5. no evidence for borrowing,Dutch-2-622-1
schoonvader,s x oː n v aː d ə r,beau-père,French,father-in-law,immediate,yes,the father-in-law (of a man),1477,5. no evidence for borrowing,Dutch-2-61-1
schoonvader,s x oː n v aː d ə r,beau-père,French,father-in-law,immediate,yes,the father-in-law (of a woman),1477,5. no evidence for borrowing,Dutch-2-611-1
schoonzoon,s x oː n z oː n,beau-fils,French,son-in-law,immediate,yes,the son-in-law (of a woman),1470,5. no evidence for borrowing,Dutch-2-631-1
schoonzoon,s x oː n z oː n,beau-fils,French,son-in-law,immediate,yes,the son-in-law (of a man),1470,5. no evidence for borrowing,Dutch-2-63-1
schoonzuster,s x oː n z ʏ s t ə r,belle-sœur,French,schoonzuster,immediate,yes,the sibling-in-law,1555,5. no evidence for borrowing,Dutch-2-6412-2
schorpioen,s x ɔ r p iː j uː n,scorpion,French,scorpion,immediate,yes,the scorpion,1287,1. clearly borrowed,Dutch-3-815-1
schroef,s x r uː f,escroue,French,schroef,immediate,yes,the screw,1573,1. clearly borrowed,Dutch-23-55-1
seizoen,s ɛi z uː n,saison,French,seizoen,immediate,yes,the season,1265-1270,1. clearly borrowed,Dutch-14-78-1
sigaret,s iː ɣ aː r ɛ t,cigarette,French,cigarette,immediate,yes,the cigarette,1869,1. clearly borrowed,Dutch-23-59-1
soep,s uː p,soupe,French,soup,immediate,yes,the soup,1745,1. clearly borrowed,Dutch-5-64-1
soldaat,s ɔ l d aː t,soldat,French,soldaat,immediate,yes,the soldier,1562,1. clearly borrowed,Dutch-20-17-1
stof,s t ɔ f,estophe,French,stof (2),immediate,yes,the cloth,1302,1. clearly borrowed,Dutch-6-21-1
suiker,s œy k ə r,sucre,French,suiker,immediate,yes,the sugar,1253,1. clearly borrowed,Dutch-5-85-1
tante,t ɑ n t ə,tante,French,aunt,immediate,yes,the aunt,1782,1. clearly borrowed,Dutch-2-52-1
tante,t ɑ n t ə,tante,French,aunt,immediate,yes,the mother's sister,1782,1. clearly borrowed,Dutch-2-521-1
tante,t ɑ n t ə,tante,French,aunt,immediate,yes,the father's sister,1782,1. clearly borrowed,Dutch-2-522-1
tapijt,t aː p ɛi t,tapit,French,tapijt,immediate,yes,the rug,1240,1. clearly borrowed,Dutch-9-771-1
telefoon,t eː l ə f oː n,téléphone,French,telephone,immediate,yes,the telephone,1875,1. clearly borrowed,Dutch-23-12-1
tent,t ɛ n t,tente,French,tent,immediate,yes,the tent,1240,1. clearly borrowed,Dutch-7-14-1
termiet,t ɛ r m iː t,termite,French,termite,immediate,yes,the termites,1854,1. clearly borrowed,Dutch-3-834-1
toilet,t ʋ ɑ l ɛ t,toilette,French,"grooming, dressing, toilet",immediate,yes,the toilet,1914,1. clearly borrowed,Dutch-23-52-1
trompet,t r ɔ m p ɛ t,trompette,French,trumpet,immediate,yes,the horn or trumpet,1350,1. clearly borrowed,Dutch-18-73-2
uur,yː r,(h)ore,French,uur,immediate,yes,the hour,1240,1. clearly borrowed,Dutch-14-51-1
vallei,v ɑ l ɛi,vallée,French,valley,immediate,yes,the valley,1330,1. clearly borrowed,Dutch-1-24-1
vijg,v ɛi x,figes,French,vijg,immediate,yes,the fig,1100,1. clearly borrowed,Dutch-5-75-1
vlam,v l ɑ m,flamme,French,flame,immediate,yes,the flame,1265-1270,1. clearly borrowed,Dutch-1-82-1
zich_haasten,z ɪ x + h aː s t ə,se haster,French,zich haasten,immediate,yes,to hurry,1240,1. clearly borrowed,Dutch-14-23-1
boetseren,b uː t s eː r ə,bocer,French (Picard),boetseren,immediate,yes,to mould/mold,1562,1. clearly borrowed,Dutch-9-72-1
kamp,k ɑ m p,camp,French (Picard),camp,immediate,yes,the camp,1573,1. clearly borrowed,Dutch-7-65-1
kous,k ɑu s,cauce,French (Picard),sock or stocking,immediate,yes,the sock or stocking,1240,1. clearly borrowed,Dutch-6-49-1
moeras,m uː r ɑ s,marasc,French (Picard),moeras,immediate,yes,the swamp,1599,1. clearly borrowed,Dutch-1-38-1
plank,p l ɑ ŋ k,planke,French (Picard),board,immediate,yes,the board,1284,1. clearly borrowed,Dutch-7-57-1
plank,p l ɑ ŋ k,planke,French (Picard),board,immediate,yes,the shelf,1284,1. clearly borrowed,Dutch-7-47-1
rots,r ɔ t s,roch,French (Picard),rots,immediate,yes,the stone or rock,1285,1. clearly borrowed,Dutch-1-44-1
kerk,k ɛ r k,kuri(a)kon,Greek,kerk,immediate,yes,the church,0777,1. clearly borrowed,Dutch-22-131-1
adelaar,aː d ə l aː r,Adler,High German,adelaar,immediate,yes,the eagle,1477,1. clearly borrowed,Dutch-3-584-1
arts,ɑ r t s,Artz,High German,arts,immediate,yes,the physician,1586,1. clearly borrowed,Dutch-4-87-1
bediende,b ə d iː n d ə,Bediente(r),High German,bediende,immediate,yes,the servant,1704,1. clearly borrowed,Dutch-19-43-1
begrijpen,b ə ɣ r ɛi p ə,begreifen,High German,begrijpen,immediate,yes,to understand,1240,1. clearly borrowed,Dutch-17-16-1
bron,b r ɔ n,Brunne,High German,bron,immediate,yes,the spring or well,1605,1. clearly borrowed,Dutch-1-37-1
burger,b ʏ r ɣ ə r,Bürger,High German,burger,immediate,yes,the citizen,1240,3. perhaps borrowed,Dutch-19-37-1
eland,eː l ɑ n t,elen,High German,eland,immediate,yes,the elk/moose,1456-1489,1. clearly borrowed,Dutch-3-872-1
elf,ɛ l f,Elf(e),High German,elf (2),immediate,yes,the fairy or elf,1855-1857,1. clearly borrowed,Dutch-22-44-1
geheim,x ə h ɛi m,geheim,High German,geheim,immediate,yes,secret,1588,1. clearly borrowed,Dutch-17-36-1
gevaar,x ə v aː r,Gefahr,High German,gevaar,immediate,yes,the danger,1574,1. clearly borrowed,Dutch-16-54-1
gif,x ɪ f,Gift,High German,gif,immediate,yes,the poison,1606,1. clearly borrowed,Dutch-4-89-1
heersen,h eː r s ə,herrschen,High German,heersen,immediate,yes,to rule or govern,1348,1. clearly borrowed,Dutch-19-31-1
heks,h ɛ k s,Hexe,High German,heks,immediate,yes,the sorcerer or witch,1562,1. clearly borrowed,Dutch-22-43-1
hinderlaag,h ɪ n d ə r l aː x,Hinterhalt,High German,ambush,immediate,yes,the ambush,1710,1. clearly borrowed,Dutch-20-49-1
hut,h ʏ t,Hütte,High German,hut,immediate,yes,the hut,1475,1. clearly borrowed,Dutch-7-13-1
kaars,k aː r s,kerza,High German,kaars,immediate,yes,the candle,1240,1. clearly borrowed,Dutch-7-46-1
kachel,k ɑ x ə l,Kachelofen,High German,kachel,immediate,yes,the stove,1591,1. clearly borrowed,Dutch-7-32-1
kalender,k aː l ɛ n d ə r,Kalender,High German,kalender,immediate,yes,the calendar,1573,1. clearly borrowed,Dutch-23-61-1
kapot,k aː p ɔ t,kaputt,High German,kapot,immediate,yes,broken,1717,1. clearly borrowed,Dutch-9-261-1
langzaam,l ɑ ŋ z aː m,langsam,High German,langzaam,immediate,yes,slow,1265-1270,1. clearly borrowed,Dutch-14-22-1
medelijden,m eː d ə l ɛi d ə,Mitleid,High German,medelijden,immediate,yes,the pity,1350,1. clearly borrowed,Dutch-16-35-1
nederlaag,n eː d ə r l aː x,Niederlage,High German,nederlaag,immediate,yes,the defeat,1425,1. clearly borrowed,Dutch-20-42-1
oorzaak,oː r z aː k,Ursache,High German,oorzaak,immediate,yes,the cause,1401-1425,1. clearly borrowed,Dutch-17-42-1
pech,p ɛ x,Pech,High German,pech,immediate,yes,the bad luck,1901,1. clearly borrowed,Dutch-16-19-1
rendier,r ɛ n d iː r,Rentier,High German,rendier,immediate,yes,the reindeer/caribou,1714,1. clearly borrowed,Dutch-3-871-2
sieraad,s iː r aː t,Zierat,High German,sieraad,immediate,yes,the ornament or adornment,1537,1. clearly borrowed,Dutch-6-71-1
sintel,s ɪ n t ə l,sintel,High German,sintel,immediate,yes,the embers,1436-1523,1. clearly borrowed,Dutch-1-841-1
sluier,s l œy j ə r,Schleier,High German,sluier,immediate,yes,the veil,1527,1. clearly borrowed,Dutch-6-59-1
sok,s ɔ k,Socke,High German,sok,immediate,yes,the sock or stocking,1805,1. clearly borrowed,Dutch-6-49-2
spindel,s p ɪ n d ə l,Spindel,High German,spindel,immediate,yes,the spindle,1917,1. clearly borrowed,Dutch-6-32-1
spits,s p ɪ t s,Spitze,High German,spits,immediate,yes,pointed,1542,1. clearly borrowed,Dutch-12-352-1
stotteren,s t ɔ t ə r ə,stottern,High German,stotteren,immediate,yes,to stutter or stammer,1781,1. clearly borrowed,Dutch-18-211-2
straf,s t r ɑ f,Strafe,High German,straf,immediate,yes,the penalty or punishment,1542,1. clearly borrowed,Dutch-21-37-1
trom,t r ɔ m,trum(m)e,High German,trom,immediate,yes,the drum,1507,1. clearly borrowed,Dutch-18-72-2
trommel,t r ɔ m ə l,Trommel,High German,trommel,immediate,yes,the drum,1538,1. clearly borrowed,Dutch-18-72-1
trots,t r ɔ t s,trotz,High German,trots,immediate,yes,proud,1589,1. clearly borrowed,Dutch-16-48-1
vasteland,v ɑ s t ə l ɑ n t,terraferma/Festland,High German,vasteland,immediate,no,the mainland,1580,5. no evidence for borrowing,Dutch-1-26-1
verwanten,v ə r ʋ ɑ n t ə,verwant,High German,verwanten,immediate,yes,the relatives,1588,1. clearly borrowed,Dutch-2-81-2
verzamelen,v ə r z aː m ə l ə,versammeln,High German,verzamelen,immediate,yes,to gather,1444,1. clearly borrowed,Dutch-12-21-1
vreemdeling,v r eː m d ə l ɪ ŋ,Fremdling,High German,vreemdeling,immediate,yes,the stranger,1525,1. clearly borrowed,Dutch-19-55-1
wikkelen,ʋ ɪ k ə l ə,wickeln,High German,wikkelen,immediate,yes,to wrap,1576,1. clearly borrowed,Dutch-10-14-1
zich_herinneren,z ɪ x + h ɛ r ɪ n ə r ə,sich erinnern,High German,zich herinneren,immediate,yes,to remember,1601-1650,1. clearly borrowed,Dutch-17-31-1
thee,t eː,tê,Hokkien,tea,immediate,yes,the tea,1637,1. clearly borrowed,Dutch-23-9-1
bamboe,b ɑ m b uː,bambu,Indonesian,bamboe,immediate,yes,the bamboo,1596,1. clearly borrowed,Dutch-8-94-1
bank,b ɑ ŋ k,banco,Italian,bank,immediate,yes,the bank,1467,1. clearly borrowed,Dutch-23-44-1
nul,n ʏ l,nulla,Italian,zero,immediate,yes,zero,1508,1. clearly borrowed,Dutch-13-1
vasteland,v ɑ s t ə l ɑ n t,terraferma/Festland,Italian,vasteland,immediate,no,the mainland,1580,5. no evidence for borrowing,Dutch-1-26-1
aanbidden,aː m b ɪ d ə,adorare,Latin,to worship,immediate,yes,to worship,1240,5. no evidence for borrowing,Dutch-22-16-1
altaar,ɑ l t aː r,altāre,Latin,"‘altar’, literally ‘high spot’",immediate,yes,the altar,1200,1. clearly borrowed,Dutch-22-14-1
anker,ɑ ŋ k ə r,ancora,Latin,anchor,immediate,yes,the anchor,1240,1. clearly borrowed,Dutch-10-89-1
baarmoeder,b aː r m uː d ə r,Latijn matrix,Latin,baarmoeder,immediate,yes,the womb,1542,5. no evidence for borrowing,Dutch-4-47-1
bier,b iː r,biber,Latin,beer,immediate,yes,the beer,1240,3. perhaps borrowed,Dutch-5-93-1
bont,b ɔ n t,punctus,Latin,bont,immediate,yes,the fur,1300,1. clearly borrowed,Dutch-6-28-1
boter,b oː t ə r,butyrum,Latin,butter,immediate,yes,the butter,1240,1. clearly borrowed,Dutch-5-89-1
brief,b r iː f,brevis,Latin,brief,immediate,yes,the letter,1236,1. clearly borrowed,Dutch-23-42-1
bril,b r ɪ l,beryllus,Latin,bril,immediate,yes,the spectacles/glasses,1401-1500,1. clearly borrowed,Dutch-23-24-1
cirkel,s ɪ r k ə l,circulus,Latin,little ring,immediate,yes,the circle,1220-1240,1. clearly borrowed,Dutch-12-82-1
demon,d eː m ɔ n,daemōn,Latin,demon,immediate,yes,the demon,1721,1. clearly borrowed,Dutch-22-35-1
dichter,d ɪ x t ə r,dictator,Latin,dichter,immediate,yes,the poet,1240,1. clearly borrowed,Dutch-18-67-1
dinsdag,d ɪ n z d ɑ x,diês Martis,Latin,day of (god) Mars,immediate,yes,Tuesday,1269,5. no evidence for borrowing,Dutch-14-64-1
dokter,d ɔ k t ə r,doctor,Latin,physician,immediate,yes,the physician,1576,1. clearly borrowed,Dutch-4-87-2
donderdag,d ɔ n d ə r d ɑ x,dies Iovis,Latin,donderdag,immediate,yes,Thursday,1257,5. no evidence for borrowing,Dutch-14-66-1
duizendpoot,d œy z ə n t p oː t,milipeda,Latin,duizendpoot,immediate,yes,the centipede,1881,5. no evidence for borrowing,Dutch-3-814-1
ezel,eː z ə l,asinus,Latin,donkey,immediate,yes,the donkey,1240,1. clearly borrowed,Dutch-3-46-1
graan,x r aː n,grānum,Latin,"grain, corn",immediate,yes,the grain,1240,1. clearly borrowed,Dutch-8-42-1
kaas,k aː s,cāseus,Latin,cheese,immediate,yes,the cheese,1240,1. clearly borrowed,Dutch-5-88-1
kameel,k aː m eː l,camēlus,Latin,camel,immediate,yes,the camel,1240,1. clearly borrowed,Dutch-3-78-1
kamer,k aː m ə r,camera,Latin,room,immediate,yes,the room,1201-1225,1. clearly borrowed,Dutch-7-21-1
kant,k ɑ n t,cantus,Latin,edge,immediate,yes,the edge,1248-1271,1. clearly borrowed,Dutch-12-353-1
kant,k ɑ n t,cantus,Latin,edge,immediate,yes,the side,1248-1271,1. clearly borrowed,Dutch-12-36-1
kar,k ɑ r,carrus,Latin,kar,immediate,yes,the cart or wagon,1240,1. clearly borrowed,Dutch-10-75-1
kat,k ɑ t,catta,Latin,kat,immediate,yes,the cat,1210-1240,1. clearly borrowed,Dutch-3-62-1
ketel,k eː t ə l,catillus,Latin,pot,immediate,yes,the kettle,1240,1. clearly borrowed,Dutch-5-27-1
keten,k eː t ə,catēna,Latin,chain,immediate,yes,the chain,1240,1. clearly borrowed,Dutch-9-18-1
keuken,k øː k ə,cocina,Latin,keuken,immediate,yes,the cookhouse,1236,1. clearly borrowed,Dutch-7-17-1
klaar,k l aː r,clārus,Latin,bright,immediate,yes,ready,1651-1652,1. clearly borrowed,Dutch-14-29-1
koken,k oː k ə,cocere,Latin,"cook, boil",immediate,yes,to boil,1287,1. clearly borrowed,Dutch-5-22-1
koken,k oː k ə,cocere,Latin,"cook, boil",immediate,yes,to cook,1287,1. clearly borrowed,Dutch-5-21-1
kop,k ɔ p,cuppa,Latin,kop,immediate,yes,the cup,1265-1270,3. perhaps borrowed,Dutch-5-35-1
kopen,k oː p ə,caupō,Latin,tradesman,immediate,yes,to buy,1220-1240,1. clearly borrowed,Dutch-11-81-1
koper,k oː p ə r,cyprum,Latin,koper,immediate,yes,the copper,1240-1260,1. clearly borrowed,Dutch-9-66-1
kort,k ɔ r t,curtus,Latin,"short, mutilated",immediate,yes,short,0976,1. clearly borrowed,Dutch-12-59-1
kruis,k r œy s,cruce,Latin,kruis,immediate,yes,the cross,0991-1000,1. clearly borrowed,Dutch-12-77-1
lariks,l aː r ɪ k s,larix,Latin,a tree (Larix),immediate,yes,the larch,1682,1. clearly borrowed,Dutch-8-991-1
leeuw,l eː ʋ,leō,Latin,lion,immediate,yes,the lion,0901-1000,1. clearly borrowed,Dutch-3-72-1
maandag,m aː n d ɑ x,diês Lûnae,Latin,day of (godess) Luna,immediate,yes,Monday,1253,5. no evidence for borrowing,Dutch-14-63-1
mantel,m ɑ n t ə l,mantellum,Latin,mantel,immediate,yes,the cloak,1220-1240,1. clearly borrowed,Dutch-6-41-2
markt,m ɑ r k t,mercātus,Latin,market,immediate,yes,the market,1240,1. clearly borrowed,Dutch-11-85-1
mat,m ɑ t,matta,Latin,mat,immediate,yes,the mat,1285,1. clearly borrowed,Dutch-9-77-1
medicijn,m eː d iː s ɛi n,medicīna,Latin,medicine,immediate,yes,the medicine,1265-1270,1. clearly borrowed,Dutch-4-88-1
metselaar,m ɛ t s ə l aː r,macio,Latin,to lay bricks,immediate,yes,the mason,1343-1346,1. clearly borrowed,Dutch-7-61-1
molen,m oː l ə,molina,Latin,molen,immediate,yes,the mill,1112,1. clearly borrowed,Dutch-5-57-1
mortel,m ɔ r t ə l,mortarium,Latin,mortar,immediate,yes,the mortar(2),1240,1. clearly borrowed,Dutch-7-63-1
motor,m oː t ɔ r,motor,Latin,mover,immediate,yes,the motor,1892,1. clearly borrowed,Dutch-23-185-1
munt,m ʏ n t,monēta,Latin,‘mint’; designation of a goddess,immediate,yes,the coin,1240-1260,1. clearly borrowed,Dutch-11-44-1
muts,m ʏ t s,almucia,Latin,muts,immediate,yes,the hat or cap,1373,1. clearly borrowed,Dutch-6-55-2
muur,m yː r,murus,Latin,muur,immediate,yes,the wall,0901-1000,1. clearly borrowed,Dutch-7-27-1
noorderlicht,n oː r d ə r l ɪ x t,aurora borealis,Latin,noorderlicht,immediate,yes,the arctic lights,1736,5. no evidence for borrowing,Dutch-1-771-1
offer,ɔ f ə r,offerre,Latin,offer,immediate,yes,the sacrifice,1100,1. clearly borrowed,Dutch-22-15-1
olie,oː l iː,olium,Latin,olie,immediate,yes,the oil,1100,1. clearly borrowed,Dutch-5-79-1
olijf,oː l ɛi f,olīva,Latin,olive,immediate,yes,the olive,1240,1. clearly borrowed,Dutch-5-78-1
oogst,oː x s t,augustus,Latin,oogst,immediate,yes,the harvest,1240,1. clearly borrowed,Dutch-8-41-1
paal,p aː l,pālus,Latin,pole,immediate,yes,the post or pole,1285,1. clearly borrowed,Dutch-7-56-2
paar,p aː r,par,Latin,equal,immediate,yes,the pair,1274,1. clearly borrowed,Dutch-13-37-1
paard,p aː r t,paraveredus,Latin,paard,immediate,yes,the horse,1266-1268,1. clearly borrowed,Dutch-3-41-1
palm,p ɑ l m,palma,Latin,palm tree; palm of the hand,immediate,yes,the palm tree,1100,1. clearly borrowed,Dutch-8-81-1
pan,p ɑ n,panna,Latin,pan,immediate,yes,the pan,1240,1. clearly borrowed,Dutch-5-28-1
pellen,p ɛ l ə,pellis,Latin,skin,immediate,yes,to peel,1351,1. clearly borrowed,Dutch-5-46-1
pen,p ɛ n,penna,Latin,feather,immediate,yes,the pen,1351-1400,1. clearly borrowed,Dutch-18-57-1
penis,p eː n ə s,pēnis,Latin,brush,immediate,yes,the penis,1595,1. clearly borrowed,Dutch-4-492-1
peper,p eː p ə r,piper,Latin,pepper,immediate,yes,the pepper,1220-1240,1. clearly borrowed,Dutch-5-82-1
persoon,p ə r s oː n,persona,Latin,person,immediate,yes,the person,1265-1270,1. clearly borrowed,Dutch-2-1-1
pijl,p ɛi l,pilum,Latin,pijl,immediate,yes,the arrow,1373-1376,1. clearly borrowed,Dutch-20-25-1
pijn,p ɛi n,"pena, poena",Latin,pijn,immediate,yes,the pain,1236,1. clearly borrowed,Dutch-16-31-1
pil,p ɪ l,pillula,Latin,pill,immediate,yes,the pill or tablet,1351,1. clearly borrowed,Dutch-23-22-1
pin,p ɪ n,pinna,Latin,pin,immediate,yes,the peg,1285,3. perhaps borrowed,Dutch-9-91-2
plant,p l ɑ n t,planta,Latin,plant,immediate,yes,the plant,1240,1. clearly borrowed,Dutch-8-53-1
planten,p l ɑ n t ə,plantare,Latin,to plant,immediate,yes,to plant,1240,1. clearly borrowed,Dutch-8-531-1
pols,p ɔ l s,pulsus,Latin,pols,immediate,yes,the wrist,1265-1270,1. clearly borrowed,Dutch-4-321-1
poort,p oː r t,porta,Latin,gate,immediate,yes,the door or gate,0901-1000,1. clearly borrowed,Dutch-7-22-2
post,p ɔ s t,postis,Latin,post (1),immediate,yes,the post or pole,1240,1. clearly borrowed,Dutch-7-56-1
preken,p r eː k ə,praedicâre,Latin,"announce, proclaim",immediate,yes,to preach,1200,1. clearly borrowed,Dutch-22-22-1
priester,p r iː s t ə r,*prestre,Latin,priester,immediate,yes,the priest,1236,1. clearly borrowed,Dutch-22-18-1
proberen,p r oː b eː r ə,probare,Latin,proberen,immediate,yes,to try,1440,1. clearly borrowed,Dutch-17-48-1
pus,p ʏ s,pūs,Latin,pus,immediate,yes,the pus,1755,1. clearly borrowed,Dutch-4-857-1
regeren,r ə ɣ eː r ə,regere,Latin,regeren,immediate,yes,to rule or govern,1322,1. clearly borrowed,Dutch-19-31-2
riem,r iː m,remus,Latin,riem,immediate,yes,the oar,1240,1. clearly borrowed,Dutch-10-85-1
ruggengraat,r ʏ ɣ ə x r aː t,spina dorsi,Latin,ruggengraat,immediate,yes,the spine,1573,5. no evidence for borrowing,Dutch-4-191-1
salaris,s aː l aː r ə s,salarium,Latin,salaris,immediate,yes,the wages,1282,1. clearly borrowed,Dutch-11-78-2
school,s x oː l,schola,Latin,school,immediate,yes,the school,1240,1. clearly borrowed,Dutch-17-28-1
schotel,s x oː t ə l,scutella,Latin,schotel,immediate,yes,the saucer,1240,1. clearly borrowed,Dutch-5-36-1
schrijven,s x r ɛi v ə,scribere,Latin,schrijven,immediate,yes,to write,1100,1. clearly borrowed,Dutch-18-51-1
slaaf,s l aː f,sclavus,Latin,slave,immediate,yes,the slave,1285,1. clearly borrowed,Dutch-19-42-1
sleutelbeen,s l øː t ə l b eː n,clavicula,Latin,collarbone,immediate,yes,the collarbone,1645,5. no evidence for borrowing,Dutch-4-302-1
sorghum,s ɔ r ɣ ʏ m,sorghum,Latin,sorghum,immediate,yes,the millet or sorghum,1859,1. clearly borrowed,Dutch-8-911-2
specie,s p eː s iː,species,Latin,specie,immediate,yes,the mortar(2),1384-1407,1. clearly borrowed,Dutch-7-63-2
speld,s p ɛ l t,spinula,Latin,little thorn,immediate,yes,the pin,1350,1. clearly borrowed,Dutch-6-63-1
spiegel,s p iː ɣ ə l,speglum,Latin,spiegel,immediate,yes,the mirror,1240,1. clearly borrowed,Dutch-6-96-1
straat,s t r aː t,(via) strāta,Latin,laid down (way),immediate,yes,the street,1210-1240,1. clearly borrowed,Dutch-23-395-1
studeren,s t yː d eː r ə,studēre,Latin,studeren,immediate,yes,to study,1265-1270,1. clearly borrowed,Dutch-17-242-1
tafel,t aː f ə l,tabula,Latin,"board, plank",immediate,yes,the table,0901-1000,1. clearly borrowed,Dutch-7-44-1
tempel,t ɛ m p ə l,templum,Latin,temple,immediate,yes,the temple,1271-1272,1. clearly borrowed,Dutch-22-13-1
testikels,t ɛ s t iː k ə l s,testiculus,Latin,testicle,immediate,yes,the testicles,1595,1. clearly borrowed,Dutch-4-49-2
toren,t oː r ə,turrem,Latin,toren,immediate,yes,the tower,1201-1225,1. clearly borrowed,Dutch-20-36-1
trachten,t r ɑ x t ə,tractare,Latin,trachten,immediate,yes,to try,1588,1. clearly borrowed,Dutch-17-48-2
vaderland,v aː d ə r l ɑ n t,patria,Latin,vaderland,immediate,yes,the native country,1599,5. no evidence for borrowing,Dutch-19-12-1
vagina,v aː ɣ iː n aː,vagina,Latin,vagina,immediate,yes,the vagina,1722,1. clearly borrowed,Dutch-4-493-2
venster,v ɛ n s t ə r,fenestra,Latin,hatch in the wall,immediate,yes,the window,1100,1. clearly borrowed,Dutch-7-25-2
vork,v ɔ r k,furca,Latin,forked branch,immediate,yes,the fork(2)/pitchfork,1240,1. clearly borrowed,Dutch-8-26-1
vork,v ɔ r k,furca,Latin,forked branch,immediate,yes,the fork,1240,1. clearly borrowed,Dutch-5-39-1
vrijdag,v r ɛi d ɑ x,dies Veneris,Latin,vrijdag,immediate,yes,Friday,1263,5. no evidence for borrowing,Dutch-14-67-1
vulva,v ʏ l v aː,vulva,Latin,vulva,immediate,yes,the vulva,1726,1. clearly borrowed,Dutch-4-494-2
wijn,ʋ ɛi n,vīnum,Latin,wine,immediate,yes,the wine,0901-1000,1. clearly borrowed,Dutch-5-92-1
woensdag,ʋ uː n z d ɑ x,dies Mercurii,Latin,woensdag,immediate,yes,Wednesday,1260,5. no evidence for borrowing,Dutch-14-65-1
zak,z ɑ k,saccus,Latin,zak,immediate,yes,the pocket,1100,1. clearly borrowed,Dutch-6-61-1
zaterdag,z aː t ə r d ɑ x,dies Saturni,Latin,zaterdag,immediate,yes,Saturday,1240,1. clearly borrowed,Dutch-14-68-1
zegenen,z eː ɣ ə n ə,signare,Latin,zegenen,immediate,yes,to bless,1265-1270,1. clearly borrowed,Dutch-22-23-1
zeker,z eː k ə r,secūrus,Latin,free from care,immediate,yes,certain,1240,1. clearly borrowed,Dutch-17-37-1
zondag,z ɔ n d ɑ x,diês sôlis,Latin,day of (god) Sun,immediate,yes,Sunday,1236,5. no evidence for borrowing,Dutch-14-62-1
grens,x r ɛ n s,grenize,Low German,grens,immediate,yes,the boundary,1573,1. clearly borrowed,Dutch-19-17-1
jas,j ɑ s,jas,Low German,coat,immediate,yes,the coat,1733,3. perhaps borrowed,Dutch-6-43-1
jas,j ɑ s,jas,Low German,coat,immediate,yes,the cloak,1733,3. perhaps borrowed,Dutch-6-41-1
eiland,ɛi l ɑ n t,eiland,Old Frisian,eiland,immediate,yes,the island,1240,1. clearly borrowed,Dutch-1-25-1
klok,k l ɔ k,cloc,Old Irish,klok,immediate,yes,the clock,1237,1. clearly borrowed,Dutch-14-53-1
haai,h aː j,hár,Old Norse,haai,immediate,yes,the shark,1445-1455,1. clearly borrowed,Dutch-3-661-1
rif,r ɪ f,rif,Old Norse,rif,immediate,yes,the reef,1595,1. clearly borrowed,Dutch-1-342-1
rogge,r ɔ ɣ ə,rŭžĭ,Old Slavic,rogge,immediate,yes,the rye,1240,1. clearly borrowed,Dutch-8-45-1
banaan,b aː n aː n,banana,Portuguese,banana,immediate,yes,the banana,1596,1. clearly borrowed,Dutch-8-84-1
bataat,b aː t aː t,batata,Portuguese,sweet potato,immediate,no,the sweet potato,1565,1. clearly borrowed,Dutch-8-91-1
kakkerlak,k ɑ k ə r l ɑ k,cacalacca,Portuguese,kakkerlak,immediate,yes,the cockroach,1646,1. clearly borrowed,Dutch-3-816-1
tapir,t aː p iː r,tapir,Portuguese,tapir,immediate,no,the tapir,1682,1. clearly borrowed,Dutch-3-99-1
pijp,p ɛi p,*pipa,Romance,pijp,immediate,yes,the pipe,1693,1. clearly borrowed,Dutch-8-691-1
pot,p ɔ t,*pottus,Romance,pot,immediate,yes,the pot,1250,1. clearly borrowed,Dutch-5-26-1
zijde,z ɛi d ə,*seda,Romance,zijde,immediate,yes,the silk,1240,1. clearly borrowed,Dutch-6-25-1
bataat,b aː t aː t,batata,Spanish,sweet potato,immediate,no,the sweet potato,1565,1. clearly borrowed,Dutch-8-91-1
coyote,k oː j oː t ə,coyote,Spanish,coyote,immediate,yes,the coyote,1912,1. clearly borrowed,Dutch-3-862-1
hangmat,h ɑ ŋ m ɑ t,hamaca,Spanish,hammock,immediate,yes,the hammock,1627,1. clearly borrowed,Dutch-7-66-1
kano,k aː n oː,canoa,Spanish,the canoe,immediate,yes,the canoe,1598,1. clearly borrowed,Dutch-10-831-1
maïs,m ɑ j s,maiz,Spanish,maize,immediate,yes,the maize/corn,1581,1. clearly borrowed,Dutch-8-47-1
muskiet,m ʏ s k iː t,mosquito,Spanish,little fly,immediate,yes,the mosquito,1630,1. clearly borrowed,Dutch-3-832-1
poncho,p ɔ n ʃ oː,poncho,Spanish,poncho,immediate,yes,the poncho,1847,1. clearly borrowed,Dutch-6-411-1
tabak,t aː b ɑ k,tabaco,Spanish,the tobacco,immediate,yes,the tobacco,1577,1. clearly borrowed,Dutch-8-68-1
tapir,t aː p iː r,tapir,Spanish,tapir,immediate,no,the tapir,1682,1. clearly borrowed,Dutch-3-99-1
toekan,t uː k ɑ n,tucán,Spanish,toucan,immediate,yes,the toucan,1596,1. clearly borrowed,Dutch-3-598-1
koffie,k ɔ f iː,kahve,Turkish,coffee,immediate,yes,the coffee,1640,1. clearly borrowed,Dutch-23-91-1
