source_lang,source_form,source_ipa,target_form,target_ipa,process,provenance,note
eng,to tape,tu: teɪp,tapen,tep,vowel;substitution,loan-vandijk-toename p.24,eng /eɪ/ > nl /e/ (A-class monophthong); score 3
eng,to tape,tu: teɪp,aftapen,ɑftep,vowel;substitution,loan-vandijk-toename p.24,with native prefix af-
eng,to fake,tu: feɪk,faken,fekə,vowel;substitution,loan-vandijk-toename p.32,/eɪ/ > /e/ + native infinitive -en [ə]
eng,race,reɪs,race,res,vowel,loan-vandijk-toename p.32,/eɪ/ > /e/; score 3
eng,show,ʃoʊ,show,ʃo,vowel,loan-vandijk-toename p.25,/oʊ/ > /o/
eng,to download,tu: daʊnloʊd,down te loaden,dɑun tə lodə,vowel;devoicing,loan-vandijk-toename p.24,/oʊ/>/o/; separable-verb morphology imposed
eng,porno,'pɔ:noʊ,porno,'pɔrno,vowel;length,loan-vandijk-toename p.24,/ɔ:/ > B-class /ɔ/ + /r/ restored from spelling
eng,jackpot,dʒækpɒt,jackpot,dʒɛkpɔt,substitution;vowel,loan-vandijk-toename p.33,"/æ/>/ɛ/, /ɒ/>/ɔ/"
eng,slash,slæʃ,slash,slɛʃ,substitution,loan-vandijk-toename p.33,/æ/>/ɛ/
eng,headset,hedset,headset,hɛ:tsɛt,devoicing,loan-vandijk-toename p.27,/d/>[t] syllable-finally
eng,skills,skɪlz,rapskills,rɛpskɪlz,none,loan-vandijk-toename p.28,donor column gives only *skills* /skɪlz/; the *rap-* half is not in the source and cannot attest a mapping
eng,happy single,'hæpi 'sɪŋɡl,happy single,hɛpi sɪŋɡəl,substitution;epenthesis,loan-vandijk-toename p.26,/æ/>/ɛ/; syllabic /l/ > /əl/
eng,fuck,'fʌk,fack,'fɑk,substitution,loan-vandijk-toename p.27,/ʌ/ > /ɑ/
eng,fucking,'fʌkɪŋ,facking,'fɑkɪŋ,substitution,loan-vandijk-toename p.25,/ʌ/ > /ɑ/
eng,bubble,'bʌbl,bubbling,bʏblɪŋ,substitution,loan-vandijk-toename p.25,/ʌ/ > /ʏ/ (competing with /ɑ/)
eng,multinationals,'mʌlti'næʃnəlz,multinationals,mʏltinɛʃənəlz,substitution;epenthesis,loan-vandijk-toename p.29,"/ʌ/>/ʏ/, /æ/>/ɛ/, schwa inserted"
eng,to trigger,tu: 'trɪɡə,getriggerd,ɣətrɪɡərd,substitution,loan-vandijk-toename p.29,native participle ge- with /ɣ/; /r/ restored
eng,tattoo,tə'tu:,tattoo,tɑtu:,vowel;stress,loan-vandijk-toename p.24,unstressed /ə/ > full /ɑ/ (spelling)
eng,groupies,'ɡru:piz,groupies,ɡrupiz,length,loan-vandijk-toename p.26,/u:/ > /u/
eng,community,kə'mju:nət̯i,community,kɔmjunɪti,vowel,loan-vandijk-toename p.27,"unstressed /ə/ > /ɔ/ (spelling), length lost"
eng,to check,tu: tʃek,checken,tʃɛkə,vowel,loan-vandijk-toename p.33,"/e/>/ɛ/, -en [ə]"
eng,to push,tu: pʊʃ,pushen,puʃə,vowel,loan-vandijk-toename p.27,/ʊ/ > /u/
eng,to jam,tu: dʒæm,jammen,dʒæmə,none,loan-vandijk-toename p.25,/æ/ retained here (cf. jackpot); score 3
eng,to kick,tu: kɪk,kicken,kɪkə,none,loan-vandijk-toename p.24,only morphology adapted
eng,superman,'su:pəmæn,supermanachtig,'su:pəmænɑχtɪɣ,none,loan-vandijk-toename p.24,native suffix -achtig; /æ/ kept
eng,slow motion,sloʊ 'moʊʃn,slow motion,slo 'moʊʃn,vowel,loan-vandijk-toename p.26,"first /oʊ/>/o/, second kept"
eng,sexy,'seksi,sexy,sɛksi,vowel,loan-vandijk-toename p.26,/e/ > /ɛ/
eng,no way,noʊ weɪ,no way,no weɪ,vowel,loan-vandijk-toename p.31,"/oʊ/>/o/, /eɪ/ kept"
eng,tax,tæks,suikertax,sœykərtæks,none,loan-vandijk-toename p.31,in hybrid compound with native suiker
eng,issue,'ɪʃu:,issue,ɪʃu,length,loan-vandijk-toename p.31,length lost
eng,core business,kɔr 'bɪznɪs,core business,kɔr 'bɪznɪs,none,loan-vandijk-toename p.30,borrowed with source pronunciation (score 2)
fra,admission,,admissie,ɑt.ˈmɪ.si,stress;devoicing;substitution,taalportaal-stress-loanwords §Systematic stress shifts in French loanwords,"donor side is a stress-marked orthographic form, not IPA: `ad.mis.'sion`; final stress > penult; /d/>[t]; -tion > -tie /si/"
fra,allocution,,allocutie,ɑ.lo.ˈky.tsi,stress;substitution,taalportaal-stress-loanwords §Systematic stress shifts,"donor side is a stress-marked orthographic form, not IPA: `al.lo.cu.'tion`; -tion > /tsi/"
fra,ambition,,ambitie,ɑm.ˈbi.tsi,stress;substitution,taalportaal-stress-loanwords §Systematic stress shifts,"donor side is a stress-marked orthographic form, not IPA: `am.bi.'tion`; nasal vowel > /ɑm/"
fra,communion,,communie,kɔ.ˈmy.ni,stress;substitution,taalportaal-stress-loanwords §Systematic stress shifts,"donor side is a stress-marked orthographic form, not IPA: `com.mu.'nion`; Fr /y/ kept as Dutch /y/"
fra,allegorie,,allegorie,ɑ.lə.ɣo.ˈri,none,taalportaal-stress-loanwords §Systematic stress shifts,"donor side is a stress-marked orthographic form, not IPA: `allego'rie`; source final stress kept; /ɣ/ for g"
fra,anarchie,,anarchie,ɑ.nɑr.ˈxi,substitution,taalportaal-stress-loanwords §Systematic stress shifts,"donor side is a stress-marked orthographic form, not IPA: `anar'chie`; ch > /x/"
fra,anatomie,,anatomie,ɑ.na.to.ˈmi,none,taalportaal-stress-loanwords §Systematic stress shifts,"donor side is a stress-marked orthographic form, not IPA: `anato'mie`; final stress kept"
fra,energie,,energie,e.nɛr.ˈʒi,substitution,taalportaal-stress-loanwords §Systematic stress shifts,"donor side is a stress-marked orthographic form, not IPA: `ener'gie`; Fr /ʒ/ kept (loan phoneme)"
fra,jalousie,,jalousie,ja.lu.'zi,substitution,taalportaal-stress-loanwords §Systematic stress shifts,"donor side is a stress-marked orthographic form, not IPA: `jalou'sie`; Fr /u/ > /u/, s > /z/"
fra,melancholie,,melancholie,me.laŋ.xo.ˈli,substitution,taalportaal-stress-loanwords §Systematic stress shifts,"donor side is a stress-marked orthographic form, not IPA: `melancho'lie`; nasal vowel > /aŋ/; ch > /x/"
fra,prophetie,,profetie,pro.fe.ˈsi,substitution,taalportaal-stress-loanwords §Systematic stress shifts,"donor side is a stress-marked orthographic form, not IPA: `prophe'tie`; ph > /f/; -tie > /si/"
fra,encyclopedie,,encyclopedie,ɛn.si.klo.pe.ˈdi,substitution,taalportaal-stress-loanwords §Systematic stress shifts,"donor side is a stress-marked orthographic form, not IPA: `encyclope'die`; nasal vowel > /ɛn/"
lat,academia,,academie,ɑ.ka.ˈde.mi,stress,taalportaal-stress-loanwords §Systematic stress shifts,"donor side is a stress-marked orthographic form, not IPA: `aca'demie`; Latin penult stress kept"
lat,ceremonia,,ceremonie,se.rə.ˈmo:.ni,stress;vowel,taalportaal-stress-loanwords §Systematic stress shifts,"donor side is a stress-marked orthographic form, not IPA: `cere'monie`; pretonic vowel reduced to schwa"
lat,tragedia,,tragedie,tra.ˈɣe.di,stress;substitution,taalportaal-stress-loanwords §Systematic stress shifts,"donor side is a stress-marked orthographic form, not IPA: `tra'gedie`; g > /ɣ/"
fra,parfum,pɑrf'œ̃,parfum,pɑrf'œ̃,none,nagy2008-frans §3.2.1,"Belgian/southern speakers keep the nasal (95%); Netherlandic adapt to [parf'ʏm] (87%), per Van de Velde & Van Hout 2002 as cited"
fra,croissant,,croissant,,none,loan-theissen2006-nasalen §1c,both N and B keep the nasal almost exclusively
fra,entrecote,,entrecôte,,none,loan-theissen2006-nasalen §1c,Belgian: nasal kept almost exclusively; Netherlandic: denasalized
fra,restaurant,,restaurant,,substitution,loan-theissen2006-nasalen §3e,both N and B mostly denasalize this one
fra,plafond,,plafond,,substitution,loan-theissen2006-nasalen §3b,both N and B denasalize almost exclusively
fra,campagne,,campagne,,substitution,loan-theissen2006-nasalen §3b,both N and B denasalize almost exclusively
eng,goal,,goal,,substitution,loan-gerritsen1995-engels p.16,"Belgian (Tielt) speakers: 8/15 English [g], 7/15 spelling-pronunciation [ɣ/χ], 0/15 [k]"
eng,drugs,,drugs,,substitution,loan-gerritsen1995-engels p.16,"Belgian: 14/15 spelling-pronunciation [ɣ/χ], 1/15 [k], 0/15 English [g]"
fra,aubergine,,aubergine,,none,loan-gerritsen1995-frans3 p.181,Belgian: 15/15 French-like /ʒ/
fra,energie,,energie,,substitution,loan-gerritsen1995-frans3 p.181,"Belgian: 11/15 spelling-pronunciation (g as /ɣ/), 4/15 French /ʒ/"
fra,politie,,politie,,substitution,loan-gerritsen1995-frans p.87,South/Belgium: -tie as /si/ almost exclusively; North /tsi/
grc,therapeut,,therapeut,,substitution,loan-gerritsen1995-grieks-latijn p.249,"Belgian: 15/15 spelling-pronunciation eu = /ø/, 0/15 /œy/"
fra,baguette,,baguette,,substitution,loan-kleinbreukink1999-culinair p.276,"Flanders: [baɣɛt] 63-88%, [bakɛt] 0% (the [k] repair is Netherlandic only)"
ita,spaghetti,,spaghetti,,substitution,loan-kleinbreukink1999-culinair p.276,Flanders young speakers: 100% native /ɣ/
eng,thinner,,tinner,,substitution,loan-posthumus1988-uitspraak §aanpassingsrepertoire,"/θ/ > /t/; target in Dutch respelling, not IPA"
eng,the,,de,,substitution,loan-posthumus1988-uitspraak §aanpassingsrepertoire,/ð/ > /d/; target in Dutch respelling
eng,match,,mets,,substitution,loan-posthumus1988-uitspraak §c,/æ/ > /ɛ/ and /tʃ/ > /s/; Dutch respelling
eng,kitsch,,kiets,,substitution,loan-posthumus1988-uitspraak §c,/tʃ/ > /s/; Dutch respelling
eng,bridge,,brits,,substitution;devoicing,loan-posthumus1988-uitspraak §c,/dʒ/ > /ts/ word-finally; Dutch respelling
eng,jam,,sjem,,substitution,loan-posthumus1988-uitspraak §d,/dʒ/ > /ʃ/; Dutch respelling
eng,douche (fra),,does,,substitution,loan-posthumus1988-uitspraak §b,final /ʃ/ > /s/ in casual style; Dutch respelling
eng,finish,,fienis,,substitution,loan-posthumus1988-uitspraak §b,final /ʃ/ > /s/; Dutch respelling
eng,cruise,,cruise,,devoicing;length,loan-posthumus1988-uitspraak §aanpassingsrepertoire,"final /z/ > [s] with the vowel held long, contrasting native kroes"
eng,cornedbeef,,kornetbief,,substitution;devoicing,names-wiki-spellinguitspraak §Buitenlandse namen,dictionary-sanctioned spelling pronunciation
fra,juste,,juist,jœyst,substitution,wold-dutch infra/wold-dutch-loanpairs.csv,Fr /y/ reinterpreted; Netherlandic transcription; process tag inferred (WOLD gives no donor IPA)
fra,flute,,fluit,flœyt,substitution,wold-dutch infra/wold-dutch-loanpairs.csv,Fr /y/ > /œy/; Netherlandic transcription; process tag inferred (WOLD gives no donor IPA)
fra,calme,,kalm,kɑlm,vowel,wold-dutch infra/wold-dutch-loanpairs.csv,Fr /a/ > B-class /ɑ/ before non-coronal cluster; process tag inferred (WOLD gives no donor IPA)
fra,palme,,palm,pɑlm,vowel,wold-dutch infra/wold-dutch-loanpairs.csv,same; cf. the *VːCC[-cor] restriction; process tag inferred (WOLD gives no donor IPA)
fra,soupe,,soep,suːp,none,wold-dutch infra/wold-dutch-loanpairs.csv,Netherlandic transcription; WOLD gives no donor IPA
fra,rose,,roos,roːs,devoicing,wold-dutch infra/wold-dutch-loanpairs.csv,final /z/ > [s]; process tag inferred (WOLD gives no donor IPA)
fra,ministre,,minister,miːnɪstər,epenthesis,wold-dutch infra/wold-dutch-loanpairs.csv,final /tʁ/ cluster broken by schwa; process tag inferred (WOLD gives no donor IPA)
fra,grotte,,grot,xrɔt,substitution,wold-dutch infra/wold-dutch-loanpairs.csv,Fr /ɡʁ/ > Dutch /xr/ (Netherlandic); Belgian would have /ɣr~xr/; process tag inferred (WOLD gives no donor IPA)
fra,cigarette,,sigaret,siːɣaːrɛt,substitution,wold-dutch infra/wold-dutch-loanpairs.csv,Fr /ɡ/ > /ɣ/; process tag inferred (WOLD gives no donor IPA)
fra,maniere,,manier,maːniːr,vowel,wold-dutch infra/wold-dutch-loanpairs.csv,Netherlandic transcription; process tag inferred (WOLD gives no donor IPA)
fra,vallee,,vallei,vɑlɛi,vowel,wold-dutch infra/wold-dutch-loanpairs.csv,Fr final /e/ > Dutch diphthong /ɛi/; process tag inferred (WOLD gives no donor IPA)
fra,harnasc,,harnas,hɑrnɑs,none,wold-dutch infra/wold-dutch-loanpairs.csv,medieval loan; WOLD gives no donor IPA
lat,templum,,tempel,tɛmpəl,epenthesis,wold-dutch infra/wold-dutch-loanpairs.csv,schwa epenthesis in final /pl/; process tag inferred (WOLD gives no donor IPA)
lat,fenestra,,venster,vɛnstər,deletion;epenthesis,wold-dutch infra/wold-dutch-loanpairs.csv,"initial syllable lost, final cluster resolved with schwa; process tag inferred (WOLD gives no donor IPA)"
lat,sorghum,,sorghum,sɔrɣʏm,substitution,wold-dutch infra/wold-dutch-loanpairs.csv,Latin g > /ɣ/; process tag inferred (WOLD gives no donor IPA)
eng,boomerang,,boemerang,buːmərɑŋ,substitution,wold-dutch infra/wold-dutch-loanpairs.csv,/æ/ > /ɑ/ before /ŋ/; process tag inferred (WOLD gives no donor IPA)
eng,lunch,,lunch,lʏnʃ,substitution,wold-dutch infra/wold-dutch-loanpairs.csv,/ʌ/ > /ʏ/; /tʃ/ > /ʃ/; process tag inferred (WOLD gives no donor IPA)
eng,bus,,bus,bʏs,substitution,wold-dutch infra/wold-dutch-loanpairs.csv,/ʌ/ > /ʏ/; process tag inferred (WOLD gives no donor IPA)
spa,maiz,,maïs,mɑjs,vowel,wold-dutch infra/wold-dutch-loanpairs.csv,hiatus resolved with glide; process tag inferred (WOLD gives no donor IPA)
spa,tucan,,toekan,tuːkɑn,vowel,wold-dutch infra/wold-dutch-loanpairs.csv,Netherlandic transcription; process tag inferred (WOLD gives no donor IPA)
