segment,class,source,tone,stress,syllabic,short,long,consonantal,sonorant,continuant,delayedRelease,approximant,tap,trill,nasal,lateral,labial,round,labiodental,coronal,anterior,distributed,strident,dorsal,high,low,front,back,tense,retractedTongueRoot,advancedTongueRoot,periodicGlottalSource,epilaryngealSource,spreadGlottis,constrictedGlottis,fortis,lenis,raisedLarynxEjective,loweredLarynxImplosive,click
b,C,phoible:2169,0,-,-,-,-,+,-,-,-,-,-,-,-,-,+,-,-,-,0,0,0,-,0,0,0,0,0,-,-,+,-,-,-,-,-,-,-,-
bʲ,C,hand:irish,0,-,-,-,-,+,-,-,-,-,-,-,-,-,+,-,-,-,0,0,0,-,+,0,+,-,0,-,-,+,-,-,-,-,-,-,-,-
bˠ,C,hand:irish,0,-,-,-,-,+,-,-,-,-,-,-,-,-,+,-,-,-,0,0,0,-,0,0,-,+,0,-,-,+,-,-,-,-,-,-,-,-
c,C,hand:irish,0,-,-,-,-,+,-,-,-,-,-,-,-,-,-,0,0,-,0,0,0,+,+,-,+,-,0,-,-,-,-,-,-,-,-,-,-,-
d,C,phoible:2169,0,-,-,-,-,+,-,-,-,-,-,-,-,-,-,0,0,+,+,-,-,-,0,0,0,0,0,-,-,+,-,-,-,-,-,-,-,-
dz,C,phoible:2183,0,-,-,-,-,+,-,-,+,-,-,-,-,-,-,0,0,+,+,-,+,-,0,0,0,0,0,-,-,+,-,-,-,-,-,-,-,-
dʒ,C,phoible:231,0,-,-,-,-,+,-,-,+,-,-,-,-,-,-,0,0,+,-,+,+,-,0,0,0,0,0,-,-,+,-,-,-,-,-,-,-,-
dʲ,C,hand:irish,0,-,-,-,-,+,-,-,-,-,-,-,-,-,-,0,0,+,+,-,-,-,+,0,+,-,0,-,-,+,-,-,-,-,-,-,-,-
dˤ,C,phoible:231,0,-,-,-,-,+,-,-,-,-,-,-,-,-,-,0,0,+,+,+,-,-,0,0,0,0,0,+,-,+,-,-,-,-,-,-,-,-
d̪ˠ,C,hand:irish,0,-,-,-,-,+,-,-,-,-,-,-,-,-,-,0,0,+,+,+,-,-,0,0,-,+,0,-,-,+,-,-,-,-,-,-,-,-
dˠ,C,alias of d̪ˠ (input spelling),0,-,-,-,-,+,-,-,-,-,-,-,-,-,-,0,0,+,+,+,-,-,0,0,-,+,0,-,-,+,-,-,-,-,-,-,-,-
f,C,phoible:2169,0,-,-,-,-,+,-,+,+,-,-,-,-,-,+,-,+,-,0,0,0,-,0,0,0,0,0,-,-,-,-,-,-,-,-,-,-,-
fʲ,C,hand:irish,0,-,-,-,-,+,-,+,+,-,-,-,-,-,+,-,+,-,0,0,0,-,+,0,+,-,0,-,-,-,-,-,-,-,-,-,-,-
fˠ,C,hand:irish,0,-,-,-,-,+,-,+,+,-,-,-,-,-,+,-,+,-,0,0,0,-,0,0,-,+,0,-,-,-,-,-,-,-,-,-,-,-
g,C,hand:irish,0,-,-,-,-,+,-,-,-,-,-,-,-,-,-,0,0,-,0,0,0,+,+,-,-,-,0,-,-,+,-,-,-,-,-,-,-,-
h,C,phoible:231,0,-,-,-,-,-,-,+,+,-,-,-,-,-,-,0,0,-,0,0,0,-,0,0,0,0,0,-,-,-,-,+,-,-,-,-,-,-
j,C,phoible:2169,0,-,-,-,-,-,+,+,0,+,-,-,-,-,-,0,0,-,0,0,0,+,+,-,+,-,+,-,-,+,-,-,-,-,-,-,-,-
k,C,phoible:2169,0,-,-,-,-,+,-,-,-,-,-,-,-,-,-,0,0,-,0,0,0,+,+,-,-,-,0,-,-,-,-,-,-,-,-,-,-,-
kʰ,C,phoible:2183,0,-,-,-,-,+,-,-,-,-,-,-,-,-,-,0,0,-,0,0,0,+,+,-,-,-,0,-,-,-,-,+,-,-,-,-,-,-
kʼ,C,phoible:2183,0,-,-,-,-,+,-,-,-,-,-,-,-,-,-,0,0,-,0,0,0,+,+,-,-,-,0,-,-,-,-,-,+,-,-,+,-,-
l,C,phoible:2169,0,-,-,-,-,+,+,+,0,+,-,-,-,+,-,0,0,+,+,-,-,-,0,0,0,0,0,-,-,+,-,-,-,-,-,-,-,-
lʲ,C,hand:irish,0,-,-,-,-,+,+,+,0,+,-,-,-,+,-,0,0,+,+,-,-,-,+,0,+,-,0,-,-,+,-,-,-,-,-,-,-,-
lˠ,C,hand:irish,0,-,-,-,-,+,+,+,0,+,-,-,-,+,-,0,0,+,+,+,-,-,0,0,-,+,0,-,-,+,-,-,-,-,-,-,-,-
l̠ʲ,C,hand:irish,0,-,-,-,-,+,+,+,0,+,-,-,-,+,-,0,0,+,+,-,-,-,+,0,+,-,0,-,-,+,-,-,-,-,-,-,-,-
l̪ˠ,C,hand:irish,0,-,-,-,-,+,+,+,0,+,-,-,-,+,-,0,0,+,+,+,-,-,0,0,-,+,0,-,-,+,-,-,-,-,-,-,-,-
m,C,phoible:2169,0,-,-,-,-,+,+,-,0,-,-,-,+,-,+,-,-,-,0,0,0,-,0,0,0,0,0,-,-,+,-,-,-,-,-,-,-,-
mʲ,C,hand:irish,0,-,-,-,-,+,+,-,0,-,-,-,+,-,+,-,-,-,0,0,0,-,+,0,+,-,0,-,-,+,-,-,-,-,-,-,-,-
mˠ,C,hand:irish,0,-,-,-,-,+,+,-,0,-,-,-,+,-,+,-,-,-,0,0,0,-,0,0,-,+,0,-,-,+,-,-,-,-,-,-,-,-
m̥,C,phoible:2406,0,-,-,-,-,+,+,-,0,-,-,-,+,-,+,-,-,-,0,0,0,-,0,0,0,0,0,-,-,-,-,-,-,-,-,-,-,-
n,C,phoible:2169,0,-,-,-,-,+,+,-,0,-,-,-,+,-,-,0,0,+,+,-,-,-,0,0,0,0,0,-,-,+,-,-,-,-,-,-,-,-
nʲ,C,hand:irish,0,-,-,-,-,+,+,-,0,-,-,-,+,-,-,0,0,+,+,-,-,-,+,0,+,-,0,-,-,+,-,-,-,-,-,-,-,-
nˠ,C,hand:irish,0,-,-,-,-,+,+,-,0,-,-,-,+,-,-,0,0,+,+,+,-,-,0,0,-,+,0,-,-,+,-,-,-,-,-,-,-,-
n̠ʲ,C,hand:irish,0,-,-,-,-,+,+,-,0,-,-,-,+,-,-,0,0,+,+,-,-,-,+,0,+,-,0,-,-,+,-,-,-,-,-,-,-,-
n̥,C,phoible:2406,0,-,-,-,-,+,+,-,0,-,-,-,+,-,-,0,0,+,+,-,-,-,0,0,0,0,0,-,-,-,-,-,-,-,-,-,-,-
n̪ˠ,C,hand:irish,0,-,-,-,-,+,+,-,0,-,-,-,+,-,-,0,0,+,+,+,-,-,0,0,-,+,0,-,-,+,-,-,-,-,-,-,-,-
p,C,phoible:2169,0,-,-,-,-,+,-,-,-,-,-,-,-,-,+,-,-,-,0,0,0,-,0,0,0,0,0,-,-,-,-,-,-,-,-,-,-,-
pʰ,C,phoible:2183,0,-,-,-,-,+,-,-,-,-,-,-,-,-,+,-,-,-,0,0,0,-,0,0,0,0,0,-,-,-,-,+,-,-,-,-,-,-
pʲ,C,hand:irish,0,-,-,-,-,+,-,-,-,-,-,-,-,-,+,-,-,-,0,0,0,-,+,0,+,-,0,-,-,-,-,-,-,-,-,-,-,-
pʼ,C,phoible:2183,0,-,-,-,-,+,-,-,-,-,-,-,-,-,+,-,-,-,0,0,0,-,0,0,0,0,0,-,-,-,-,-,+,-,-,+,-,-
pˠ,C,hand:irish,0,-,-,-,-,+,-,-,-,-,-,-,-,-,+,-,-,-,0,0,0,-,0,0,-,+,0,-,-,-,-,-,-,-,-,-,-,-
q,C,phoible:231,0,-,-,-,-,+,-,-,-,-,-,-,-,-,-,0,0,-,0,0,0,+,-,-,-,+,0,-,-,-,-,-,-,-,-,-,-,-
qʼ,C,phoible:2183,0,-,-,-,-,+,-,-,-,-,-,-,-,-,-,0,0,-,0,0,0,+,-,-,-,+,0,-,-,-,-,-,+,-,-,+,-,-
r,C,phoible:2169,0,-,-,-,-,+,+,+,0,+,-,+,-,-,-,0,0,+,+,-,-,-,0,0,0,0,0,-,-,+,-,-,-,-,-,-,-,-
r̥,C,phoible:2406,0,-,-,-,-,+,+,+,0,+,-,+,-,-,-,0,0,+,+,-,-,-,0,0,0,0,0,-,-,-,-,-,-,-,-,-,-,-
s,C,phoible:2169,0,-,-,-,-,+,-,+,+,-,-,-,-,-,-,0,0,+,+,-,+,-,0,0,0,0,0,-,-,-,-,-,-,-,-,-,-,-
sˠ,C,hand:irish,0,-,-,-,-,+,-,+,+,-,-,-,-,-,-,0,0,+,+,-,+,-,0,0,-,+,0,-,-,-,-,-,-,-,-,-,-,-
sˤ,C,phoible:231,0,-,-,-,-,+,-,+,+,-,-,-,-,-,-,0,0,+,+,+,+,-,0,0,0,0,0,+,-,-,-,-,-,-,-,-,-,-
t,C,phoible:2169,0,-,-,-,-,+,-,-,-,-,-,-,-,-,-,0,0,+,+,-,-,-,0,0,0,0,0,-,-,-,-,-,-,-,-,-,-,-
ts,C,phoible:2183,0,-,-,-,-,+,-,-,+,-,-,-,-,-,-,0,0,+,+,-,+,-,0,0,0,0,0,-,-,-,-,-,-,-,-,-,-,-
tsʼ,C,phoible:2183,0,-,-,-,-,+,-,-,+,-,-,-,-,-,-,0,0,+,+,-,+,-,0,0,0,0,0,-,-,-,-,-,+,-,-,+,-,-
tʃ,C,phoible:2183,0,-,-,-,-,+,-,-,+,-,-,-,-,-,-,0,0,+,-,+,+,-,0,0,0,0,0,-,-,-,-,-,-,-,-,-,-,-
tʃʰ,C,hand:target,0,-,-,-,-,+,-,-,+,-,-,-,-,-,-,0,0,+,-,+,+,-,0,0,0,0,0,-,-,-,-,+,-,-,-,-,-,-
tʃʼ,C,phoible:2183,0,-,-,-,-,+,-,-,+,-,-,-,-,-,-,0,0,+,-,+,+,-,0,0,0,0,0,-,-,-,-,-,+,-,-,+,-,-
tʰ,C,phoible:2406,0,-,-,-,-,+,-,-,-,-,-,-,-,-,-,0,0,+,+,-,-,-,0,0,0,0,0,-,-,-,-,+,-,-,-,-,-,-
tʲ,C,hand:irish,0,-,-,-,-,+,-,-,-,-,-,-,-,-,-,0,0,+,+,-,-,-,+,0,+,-,0,-,-,-,-,-,-,-,-,-,-,-
tʼ,C,phoible:2183,0,-,-,-,-,+,-,-,-,-,-,-,-,-,-,0,0,+,+,+,-,-,0,0,0,0,0,-,-,-,-,-,+,-,-,+,-,-
tˤ,C,phoible:231,0,-,-,-,-,+,-,-,-,-,-,-,-,-,-,0,0,+,+,+,-,-,0,0,0,0,0,+,-,-,-,-,-,-,-,-,-,-
t̪ˠ,C,hand:irish,0,-,-,-,-,+,-,-,-,-,-,-,-,-,-,0,0,+,+,+,-,-,0,0,-,+,0,-,-,-,-,-,-,-,-,-,-,-
tˠ,C,alias of t̪ˠ (input spelling),0,-,-,-,-,+,-,-,-,-,-,-,-,-,-,0,0,+,+,+,-,-,0,0,-,+,0,-,-,-,-,-,-,-,-,-,-,-
v,C,phoible:2169,0,-,-,-,-,+,-,+,+,-,-,-,-,-,+,-,+,-,0,0,0,-,0,0,0,0,0,-,-,+,-,-,-,-,-,-,-,-
vʲ,C,hand:irish,0,-,-,-,-,+,-,+,+,-,-,-,-,-,+,-,+,-,0,0,0,-,+,0,+,-,0,-,-,+,-,-,-,-,-,-,-,-
vˠ,C,hand:irish,0,-,-,-,-,+,-,+,+,-,-,-,-,-,+,-,+,-,0,0,0,-,0,0,-,+,0,-,-,+,-,-,-,-,-,-,-,-
w,C,phoible:2169,0,-,-,-,-,-,+,+,0,+,-,-,-,-,+,+,-,-,0,0,0,+,+,-,-,+,+,-,-,+,-,-,-,-,-,-,-,-
x,C,phoible:2169,0,-,-,-,-,+,-,+,+,-,-,-,-,-,-,0,0,-,0,0,0,+,+,-,-,-,0,-,-,-,-,-,-,-,-,-,-,-
z,C,phoible:2169,0,-,-,-,-,+,-,+,+,-,-,-,-,-,-,0,0,+,+,-,+,-,0,0,0,0,0,-,-,+,-,-,-,-,-,-,-,-
zˤ,C,phoible:231,0,-,-,-,-,+,-,+,+,-,-,-,-,-,-,0,0,+,+,+,+,-,0,0,0,0,0,+,-,+,-,-,-,-,-,-,-,-
ç,C,hand:irish,0,-,-,-,-,+,-,+,+,-,-,-,-,-,-,0,0,-,0,0,0,+,+,-,+,-,0,-,-,-,-,-,-,-,-,-,-,-
ð,C,phoible:2406,0,-,-,-,-,+,-,+,+,-,-,-,-,-,-,0,0,+,+,+,-,-,0,0,0,0,0,-,-,+,-,-,-,-,-,-,-,-
ðʲ,C,hand:old-irish,0,-,-,-,-,+,-,+,+,-,-,-,-,-,-,0,0,+,+,+,-,-,+,0,+,-,0,-,-,+,-,-,-,-,-,-,-,-
ħ,C,phoible:231,0,-,-,-,-,+,-,+,+,-,-,-,-,-,-,0,0,-,0,0,0,+,-,+,-,+,0,+,-,-,-,-,-,-,-,-,-,-
ŋ,C,phoible:2169,0,-,-,-,-,+,+,-,0,-,-,-,+,-,-,0,0,-,0,0,0,+,+,-,-,-,0,-,-,+,-,-,-,-,-,-,-,-
ŋ̥,C,phoible:2406,0,-,-,-,-,+,+,-,0,-,-,-,+,-,-,0,0,-,0,0,0,+,+,-,-,-,0,-,-,-,-,-,-,-,-,-,-,-
ɟ,C,hand:irish,0,-,-,-,-,+,-,-,-,-,-,-,-,-,-,0,0,-,0,0,0,+,+,-,+,-,0,-,-,+,-,-,-,-,-,-,-,-
ɡ,C,phoible:231,0,-,-,-,-,+,-,-,-,-,-,-,-,-,-,0,0,-,0,0,0,+,+,-,-,-,0,-,-,+,-,-,-,-,-,-,-,-
ɣ,C,phoible:2169,0,-,-,-,-,+,-,+,+,-,-,-,-,-,-,0,0,-,0,0,0,+,+,-,-,-,0,-,-,+,-,-,-,-,-,-,-,-
ɣʲ,C,hand:old-irish,0,-,-,-,-,+,-,+,+,-,-,-,-,-,-,0,0,-,0,0,0,+,+,-,+,-,0,-,-,+,-,-,-,-,-,-,-,-
ɦ,C,phoible:2169,0,-,-,-,-,-,-,+,+,-,-,-,-,-,-,0,0,-,0,0,0,-,0,0,0,0,0,-,-,+,-,+,-,-,-,-,-,-
ɬ,C,phoible:2406,0,-,-,-,-,+,-,+,+,-,-,-,-,+,-,0,0,+,+,-,-,-,0,0,0,0,0,-,-,-,-,-,-,-,-,-,-,-
ɲ,C,hand:irish,0,-,-,-,-,+,+,-,0,-,-,-,+,-,-,0,0,-,0,0,0,+,+,-,+,-,0,-,-,+,-,-,-,-,-,-,-,-
ɾ,C,phoible:2183,0,-,-,-,-,+,+,+,0,+,+,-,-,-,-,0,0,+,+,-,-,-,0,0,0,0,0,-,-,+,-,-,-,-,-,-,-,-
ɾʲ,C,hand:irish,0,-,-,-,-,+,+,+,0,+,+,-,-,-,-,0,0,+,+,-,-,-,+,0,+,-,0,-,-,+,-,-,-,-,-,-,-,-
ɾˠ,C,hand:irish,0,-,-,-,-,+,+,+,0,+,+,-,-,-,-,0,0,+,+,-,-,-,0,0,-,+,0,-,-,+,-,-,-,-,-,-,-,-
rˠ,C,alias of ɾˠ (input spelling),0,-,-,-,-,+,+,+,0,+,+,-,-,-,-,0,0,+,+,-,-,-,0,0,-,+,0,-,-,+,-,-,-,-,-,-,-,-
ʁ,C,phoible:231,0,-,-,-,-,+,-,+,+,-,-,-,-,-,-,0,0,-,0,0,0,+,-,-,-,+,0,-,-,+,-,-,-,-,-,-,-,-
ʃ,C,phoible:2169,0,-,-,-,-,+,-,+,+,-,-,-,-,-,-,0,0,+,-,+,+,-,0,0,0,0,0,-,-,-,-,-,-,-,-,-,-,-
ʋ,C,hand:target,0,-,-,-,-,-,+,+,0,+,-,-,-,-,+,-,+,-,0,0,0,-,0,0,0,0,0,-,-,+,-,-,-,-,-,-,-,-
ʒ,C,phoible:2169,0,-,-,-,-,+,-,+,+,-,-,-,-,-,-,0,0,+,-,+,+,-,0,0,0,0,0,-,-,+,-,-,-,-,-,-,-,-
ʔ,C,phoible:2169,0,-,-,-,-,+,-,-,-,-,-,-,-,-,-,0,0,-,0,0,0,-,0,0,0,0,0,-,-,-,-,-,+,-,-,-,-,-
ʕ,C,phoible:231,0,-,-,-,-,+,-,+,+,-,-,-,-,-,-,0,0,-,0,0,0,+,-,+,-,+,0,+,-,+,-,-,-,-,-,-,-,-
β,C,hand:old-irish,0,-,-,-,-,+,-,+,+,-,-,-,-,-,+,-,-,-,0,0,0,-,0,0,0,0,0,-,-,+,-,-,-,-,-,-,-,-
βʲ,C,hand:old-irish,0,-,-,-,-,+,-,+,+,-,-,-,-,-,+,-,-,-,0,0,0,-,+,0,+,-,0,-,-,+,-,-,-,-,-,-,-,-
β̃,C,hand:old-irish,0,-,-,-,-,+,-,+,+,-,-,-,+,-,+,-,-,-,0,0,0,-,0,0,0,0,0,-,-,+,-,-,-,-,-,-,-,-
β̃ʲ,C,hand:old-irish,0,-,-,-,-,+,-,+,+,-,-,-,+,-,+,-,-,-,0,0,0,-,+,0,+,-,0,-,-,+,-,-,-,-,-,-,-,-
θ,C,phoible:2406,0,-,-,-,-,+,-,+,+,-,-,-,-,-,-,0,0,+,+,+,-,-,0,0,0,0,0,-,-,-,-,-,-,-,-,-,-,-
θʲ,C,hand:old-irish,0,-,-,-,-,+,-,+,+,-,-,-,-,-,-,0,0,+,+,+,-,-,+,0,+,-,0,-,-,-,-,-,-,-,-,-,-,-
χ,C,phoible:231,0,-,-,-,-,+,-,+,+,-,-,-,-,-,-,0,0,-,0,0,0,+,-,-,-,+,0,-,-,-,-,-,-,-,-,-,-,-
a,V,phoible:231,0,-,+,-,-,-,+,+,0,+,-,-,-,-,-,0,0,-,0,0,0,+,-,+,-,-,0,-,-,+,-,-,-,0,0,-,-,0
aː,V,phoible:2169,0,-,+,-,+,-,+,+,0,+,-,-,-,-,-,0,0,-,0,0,0,+,-,+,-,-,0,-,-,+,-,-,-,0,0,-,-,0
e,V,hand:target,0,-,+,-,-,-,+,+,0,+,-,-,-,-,-,0,0,-,0,0,0,+,-,-,+,-,+,-,-,+,-,-,-,0,0,-,-,0
eː,V,phoible:2169,0,-,+,-,+,-,+,+,0,+,-,-,-,-,-,0,0,-,0,0,0,+,-,-,+,-,+,-,-,+,-,-,-,0,0,-,-,0
i,V,phoible:2169,0,-,+,-,-,-,+,+,0,+,-,-,-,-,-,0,0,-,0,0,0,+,+,-,+,-,+,-,-,+,-,-,-,0,0,-,-,0
iː,V,phoible:231,0,-,+,-,+,-,+,+,0,+,-,-,-,-,-,0,0,-,0,0,0,+,+,-,+,-,+,-,-,+,-,-,-,0,0,-,-,0
o,V,hand:irish,0,-,+,-,-,-,+,+,0,+,-,-,-,-,+,+,-,-,0,0,0,+,-,-,-,+,+,-,-,+,-,-,-,0,0,-,-,0
oː,V,phoible:2169,0,-,+,-,+,-,+,+,0,+,-,-,-,-,+,+,-,-,0,0,0,+,-,-,-,+,+,-,-,+,-,-,-,0,0,-,-,0
u,V,phoible:2169,0,-,+,-,-,-,+,+,0,+,-,-,-,-,+,+,-,-,0,0,0,+,+,-,-,+,+,-,-,+,-,-,-,0,0,-,-,0
uː,V,phoible:231,0,-,+,-,+,-,+,+,0,+,-,-,-,-,+,+,-,-,0,0,0,+,+,-,-,+,+,-,-,+,-,-,-,0,0,-,-,0
y,V,hand:target,0,-,+,-,-,-,+,+,0,+,-,-,-,-,+,+,-,-,0,0,0,+,+,-,+,-,+,-,-,+,-,-,-,0,0,-,-,0
yː,V,phoible:2169,0,-,+,-,+,-,+,+,0,+,-,-,-,-,+,+,-,-,0,0,0,+,+,-,+,-,+,-,-,+,-,-,-,0,0,-,-,0
æ,V,hand:irish,0,-,+,-,-,-,+,+,0,+,-,-,-,-,-,0,0,-,0,0,0,+,-,+,+,-,0,-,-,+,-,-,-,0,0,-,-,0
æː,V,phoible:231,0,-,+,-,+,-,+,+,0,+,-,-,-,-,-,0,0,-,0,0,0,+,-,+,+,-,0,-,-,+,-,-,-,0,0,-,-,0
õː,V,hand:irish,0,-,+,-,+,-,+,+,0,+,-,-,+,-,+,+,-,-,0,0,0,+,-,-,-,+,+,-,-,+,-,-,-,0,0,-,-,0
øː,V,phoible:2169,0,-,+,-,+,-,+,+,0,+,-,-,-,-,+,+,-,-,0,0,0,+,-,-,+,-,+,-,-,+,-,-,-,0,0,-,-,0
œ,V,hand:target,0,-,+,-,-,-,+,+,0,+,-,-,-,-,+,+,-,-,0,0,0,+,-,-,+,-,-,-,-,+,-,-,-,0,0,-,-,0
œ̃,V,hand:target,0,-,+,-,-,-,+,+,0,+,-,-,+,-,+,+,-,-,0,0,0,+,-,-,+,-,-,-,-,+,-,-,-,0,0,-,-,0
ɑ,V,phoible:2169,0,-,+,-,-,-,+,+,0,+,-,-,-,-,-,0,0,-,0,0,0,+,-,+,-,+,0,-,-,+,-,-,-,0,0,-,-,0
ɑː,V,phoible:2406,0,-,+,-,+,-,+,+,0,+,-,-,-,-,-,0,0,-,0,0,0,+,-,+,-,+,0,-,-,+,-,-,-,0,0,-,-,0
ɔ,V,phoible:2169,0,-,+,-,-,-,+,+,0,+,-,-,-,-,+,+,-,-,0,0,0,+,-,-,-,+,-,-,-,+,-,-,-,0,0,-,-,0
ɔː,V,hand:target,0,-,+,-,+,-,+,+,0,+,-,-,-,-,+,+,-,-,0,0,0,+,-,-,-,+,-,-,-,+,-,-,-,0,0,-,-,0
ə,V,phoible:2406,0,-,+,-,-,-,+,+,0,+,-,-,-,-,-,0,0,-,0,0,0,+,-,-,-,-,-,-,-,+,-,-,-,0,0,-,-,0
ɛ,V,phoible:2169,0,-,+,-,-,-,+,+,0,+,-,-,-,-,-,0,0,-,0,0,0,+,-,-,+,-,-,-,-,+,-,-,-,0,0,-,-,0
ɛː,V,hand:target,0,-,+,-,+,-,+,+,0,+,-,-,-,-,-,0,0,-,0,0,0,+,-,-,+,-,-,-,-,+,-,-,-,0,0,-,-,0
ɪ,V,phoible:2169,0,-,+,-,-,-,+,+,0,+,-,-,-,-,-,0,0,-,0,0,0,+,+,-,+,-,-,-,-,+,-,-,-,0,0,-,-,0
ʊ,V,phoible:231,0,-,+,-,-,-,+,+,0,+,-,-,-,-,+,+,-,-,0,0,0,+,+,-,-,+,-,-,-,+,-,-,-,0,0,-,-,0
ʏ,V,phoible:2169,0,-,+,-,-,-,+,+,0,+,-,-,-,-,+,+,-,-,0,0,0,+,+,-,+,-,-,-,-,+,-,-,-,0,0,-,-,0
