segment	class	source	tone	stress	syllabic	short	long	consonantal	sonorant	continuant	delayedRelease	approximant	tap	trill	nasal	lateral	labial	round	labiodental	coronal	anterior	distributed	strident	dorsal	high	low	front	back	tense	retractedTongueRoot	advancedTongueRoot	periodicGlottalSource	epilaryngealSource	spreadGlottis	constrictedGlottis	fortis	lenis	raisedLarynxEjective	loweredLarynxImplosive	click
b	C	phoible:2169	0	-	-	-	-	+	-	-	-	-	-	-	-	-	+	-	-	-	0	0	0	-	0	0	0	0	0	-	-	+	-	-	-	-	-	-	-	-
d	C	phoible:2169	0	-	-	-	-	+	-	-	-	-	-	-	-	-	-	0	0	+	+	-	-	-	0	0	0	0	0	-	-	+	-	-	-	-	-	-	-	-
dz	C	phoible:2183	0	-	-	-	-	+	-	-	+	-	-	-	-	-	-	0	0	+	+	-	+	-	0	0	0	0	0	-	-	+	-	-	-	-	-	-	-	-
dʒ	C	phoible:231	0	-	-	-	-	+	-	-	+	-	-	-	-	-	-	0	0	+	-	+	+	-	0	0	0	0	0	-	-	+	-	-	-	-	-	-	-	-
dˤ	C	phoible:231	0	-	-	-	-	+	-	-	-	-	-	-	-	-	-	0	0	+	+	+	-	-	0	0	0	0	0	+	-	+	-	-	-	-	-	-	-	-
f	C	phoible:2169	0	-	-	-	-	+	-	+	+	-	-	-	-	-	+	-	+	-	0	0	0	-	0	0	0	0	0	-	-	-	-	-	-	-	-	-	-	-
h	C	phoible:231	0	-	-	-	-	-	-	+	+	-	-	-	-	-	-	0	0	-	0	0	0	-	0	0	0	0	0	-	-	-	-	+	-	-	-	-	-	-
j	C	phoible:2169	0	-	-	-	-	-	+	+	0	+	-	-	-	-	-	0	0	-	0	0	0	+	+	-	+	-	+	-	-	+	-	-	-	-	-	-	-	-
k	C	phoible:2169	0	-	-	-	-	+	-	-	-	-	-	-	-	-	-	0	0	-	0	0	0	+	+	-	-	-	0	-	-	-	-	-	-	-	-	-	-	-
kʰ	C	phoible:2183	0	-	-	-	-	+	-	-	-	-	-	-	-	-	-	0	0	-	0	0	0	+	+	-	-	-	0	-	-	-	-	+	-	-	-	-	-	-
kʼ	C	phoible:2183	0	-	-	-	-	+	-	-	-	-	-	-	-	-	-	0	0	-	0	0	0	+	+	-	-	-	0	-	-	-	-	-	+	-	-	+	-	-
l	C	phoible:2169	0	-	-	-	-	+	+	+	0	+	-	-	-	+	-	0	0	+	+	-	-	-	0	0	0	0	0	-	-	+	-	-	-	-	-	-	-	-
m	C	phoible:2169	0	-	-	-	-	+	+	-	0	-	-	-	+	-	+	-	-	-	0	0	0	-	0	0	0	0	0	-	-	+	-	-	-	-	-	-	-	-
m̥	C	phoible:2406	0	-	-	-	-	+	+	-	0	-	-	-	+	-	+	-	-	-	0	0	0	-	0	0	0	0	0	-	-	-	-	-	-	-	-	-	-	-
n	C	phoible:2169	0	-	-	-	-	+	+	-	0	-	-	-	+	-	-	0	0	+	+	-	-	-	0	0	0	0	0	-	-	+	-	-	-	-	-	-	-	-
n̥	C	phoible:2406	0	-	-	-	-	+	+	-	0	-	-	-	+	-	-	0	0	+	+	-	-	-	0	0	0	0	0	-	-	-	-	-	-	-	-	-	-	-
p	C	phoible:2169	0	-	-	-	-	+	-	-	-	-	-	-	-	-	+	-	-	-	0	0	0	-	0	0	0	0	0	-	-	-	-	-	-	-	-	-	-	-
pʰ	C	phoible:2183	0	-	-	-	-	+	-	-	-	-	-	-	-	-	+	-	-	-	0	0	0	-	0	0	0	0	0	-	-	-	-	+	-	-	-	-	-	-
pʼ	C	phoible:2183	0	-	-	-	-	+	-	-	-	-	-	-	-	-	+	-	-	-	0	0	0	-	0	0	0	0	0	-	-	-	-	-	+	-	-	+	-	-
q	C	phoible:231	0	-	-	-	-	+	-	-	-	-	-	-	-	-	-	0	0	-	0	0	0	+	-	-	-	+	0	-	-	-	-	-	-	-	-	-	-	-
qʼ	C	phoible:2183	0	-	-	-	-	+	-	-	-	-	-	-	-	-	-	0	0	-	0	0	0	+	-	-	-	+	0	-	-	-	-	-	+	-	-	+	-	-
r	C	phoible:2169	0	-	-	-	-	+	+	+	0	+	-	+	-	-	-	0	0	+	+	-	-	-	0	0	0	0	0	-	-	+	-	-	-	-	-	-	-	-
r̥	C	phoible:2406	0	-	-	-	-	+	+	+	0	+	-	+	-	-	-	0	0	+	+	-	-	-	0	0	0	0	0	-	-	-	-	-	-	-	-	-	-	-
s	C	phoible:2169	0	-	-	-	-	+	-	+	+	-	-	-	-	-	-	0	0	+	+	-	+	-	0	0	0	0	0	-	-	-	-	-	-	-	-	-	-	-
sˤ	C	phoible:231	0	-	-	-	-	+	-	+	+	-	-	-	-	-	-	0	0	+	+	+	+	-	0	0	0	0	0	+	-	-	-	-	-	-	-	-	-	-
t	C	phoible:2169	0	-	-	-	-	+	-	-	-	-	-	-	-	-	-	0	0	+	+	-	-	-	0	0	0	0	0	-	-	-	-	-	-	-	-	-	-	-
ts	C	phoible:2183	0	-	-	-	-	+	-	-	+	-	-	-	-	-	-	0	0	+	+	-	+	-	0	0	0	0	0	-	-	-	-	-	-	-	-	-	-	-
tsʼ	C	phoible:2183	0	-	-	-	-	+	-	-	+	-	-	-	-	-	-	0	0	+	+	-	+	-	0	0	0	0	0	-	-	-	-	-	+	-	-	+	-	-
tʃ	C	phoible:2183	0	-	-	-	-	+	-	-	+	-	-	-	-	-	-	0	0	+	-	+	+	-	0	0	0	0	0	-	-	-	-	-	-	-	-	-	-	-
tʃʼ	C	phoible:2183	0	-	-	-	-	+	-	-	+	-	-	-	-	-	-	0	0	+	-	+	+	-	0	0	0	0	0	-	-	-	-	-	+	-	-	+	-	-
tʰ	C	phoible:2406	0	-	-	-	-	+	-	-	-	-	-	-	-	-	-	0	0	+	+	-	-	-	0	0	0	0	0	-	-	-	-	+	-	-	-	-	-	-
tʼ	C	phoible:2183	0	-	-	-	-	+	-	-	-	-	-	-	-	-	-	0	0	+	+	+	-	-	0	0	0	0	0	-	-	-	-	-	+	-	-	+	-	-
tˤ	C	phoible:231	0	-	-	-	-	+	-	-	-	-	-	-	-	-	-	0	0	+	+	+	-	-	0	0	0	0	0	+	-	-	-	-	-	-	-	-	-	-
v	C	phoible:2169	0	-	-	-	-	+	-	+	+	-	-	-	-	-	+	-	+	-	0	0	0	-	0	0	0	0	0	-	-	+	-	-	-	-	-	-	-	-
w	C	phoible:2169	0	-	-	-	-	-	+	+	0	+	-	-	-	-	+	+	-	-	0	0	0	+	+	-	-	+	+	-	-	+	-	-	-	-	-	-	-	-
x	C	phoible:2169	0	-	-	-	-	+	-	+	+	-	-	-	-	-	-	0	0	-	0	0	0	+	+	-	-	-	0	-	-	-	-	-	-	-	-	-	-	-
z	C	phoible:2169	0	-	-	-	-	+	-	+	+	-	-	-	-	-	-	0	0	+	+	-	+	-	0	0	0	0	0	-	-	+	-	-	-	-	-	-	-	-
zˤ	C	phoible:231	0	-	-	-	-	+	-	+	+	-	-	-	-	-	-	0	0	+	+	+	+	-	0	0	0	0	0	+	-	+	-	-	-	-	-	-	-	-
ð	C	phoible:2406	0	-	-	-	-	+	-	+	+	-	-	-	-	-	-	0	0	+	+	+	-	-	0	0	0	0	0	-	-	+	-	-	-	-	-	-	-	-
ħ	C	phoible:231	0	-	-	-	-	+	-	+	+	-	-	-	-	-	-	0	0	-	0	0	0	+	-	+	-	+	0	+	-	-	-	-	-	-	-	-	-	-
ŋ	C	phoible:2169	0	-	-	-	-	+	+	-	0	-	-	-	+	-	-	0	0	-	0	0	0	+	+	-	-	-	0	-	-	+	-	-	-	-	-	-	-	-
ŋ̥	C	phoible:2406	0	-	-	-	-	+	+	-	0	-	-	-	+	-	-	0	0	-	0	0	0	+	+	-	-	-	0	-	-	-	-	-	-	-	-	-	-	-
ɡ	C	phoible:231	0	-	-	-	-	+	-	-	-	-	-	-	-	-	-	0	0	-	0	0	0	+	+	-	-	-	0	-	-	+	-	-	-	-	-	-	-	-
ɣ	C	phoible:2169	0	-	-	-	-	+	-	+	+	-	-	-	-	-	-	0	0	-	0	0	0	+	+	-	-	-	0	-	-	+	-	-	-	-	-	-	-	-
ɦ	C	phoible:2169	0	-	-	-	-	-	-	+	+	-	-	-	-	-	-	0	0	-	0	0	0	-	0	0	0	0	0	-	-	+	-	+	-	-	-	-	-	-
ɬ	C	phoible:2406	0	-	-	-	-	+	-	+	+	-	-	-	-	+	-	0	0	+	+	-	-	-	0	0	0	0	0	-	-	-	-	-	-	-	-	-	-	-
ɾ	C	phoible:2183	0	-	-	-	-	+	+	+	0	+	+	-	-	-	-	0	0	+	+	-	-	-	0	0	0	0	0	-	-	+	-	-	-	-	-	-	-	-
ʁ	C	phoible:231	0	-	-	-	-	+	-	+	+	-	-	-	-	-	-	0	0	-	0	0	0	+	-	-	-	+	0	-	-	+	-	-	-	-	-	-	-	-
ʃ	C	phoible:2169	0	-	-	-	-	+	-	+	+	-	-	-	-	-	-	0	0	+	-	+	+	-	0	0	0	0	0	-	-	-	-	-	-	-	-	-	-	-
ʒ	C	phoible:2169	0	-	-	-	-	+	-	+	+	-	-	-	-	-	-	0	0	+	-	+	+	-	0	0	0	0	0	-	-	+	-	-	-	-	-	-	-	-
ʔ	C	phoible:2169	0	-	-	-	-	+	-	-	-	-	-	-	-	-	-	0	0	-	0	0	0	-	0	0	0	0	0	-	-	-	-	-	+	-	-	-	-	-
ʕ	C	phoible:231	0	-	-	-	-	+	-	+	+	-	-	-	-	-	-	0	0	-	0	0	0	+	-	+	-	+	0	+	-	+	-	-	-	-	-	-	-	-
θ	C	phoible:2406	0	-	-	-	-	+	-	+	+	-	-	-	-	-	-	0	0	+	+	+	-	-	0	0	0	0	0	-	-	-	-	-	-	-	-	-	-	-
χ	C	phoible:231	0	-	-	-	-	+	-	+	+	-	-	-	-	-	-	0	0	-	0	0	0	+	-	-	-	+	0	-	-	-	-	-	-	-	-	-	-	-
a	V	phoible:231	0	-	+	-	-	-	+	+	0	+	-	-	-	-	-	0	0	-	0	0	0	+	-	+	-	-	0	-	-	+	-	-	-	0	0	-	-	0
aː	V	phoible:2169	0	-	+	-	+	-	+	+	0	+	-	-	-	-	-	0	0	-	0	0	0	+	-	+	-	-	0	-	-	+	-	-	-	0	0	-	-	0
eː	V	phoible:2169	0	-	+	-	+	-	+	+	0	+	-	-	-	-	-	0	0	-	0	0	0	+	-	-	+	-	+	-	-	+	-	-	-	0	0	-	-	0
i	V	phoible:2169	0	-	+	-	-	-	+	+	0	+	-	-	-	-	-	0	0	-	0	0	0	+	+	-	+	-	+	-	-	+	-	-	-	0	0	-	-	0
iː	V	phoible:231	0	-	+	-	+	-	+	+	0	+	-	-	-	-	-	0	0	-	0	0	0	+	+	-	+	-	+	-	-	+	-	-	-	0	0	-	-	0
oː	V	phoible:2169	0	-	+	-	+	-	+	+	0	+	-	-	-	-	+	+	-	-	0	0	0	+	-	-	-	+	+	-	-	+	-	-	-	0	0	-	-	0
u	V	phoible:2169	0	-	+	-	-	-	+	+	0	+	-	-	-	-	+	+	-	-	0	0	0	+	+	-	-	+	+	-	-	+	-	-	-	0	0	-	-	0
uː	V	phoible:231	0	-	+	-	+	-	+	+	0	+	-	-	-	-	+	+	-	-	0	0	0	+	+	-	-	+	+	-	-	+	-	-	-	0	0	-	-	0
yː	V	phoible:2169	0	-	+	-	+	-	+	+	0	+	-	-	-	-	+	+	-	-	0	0	0	+	+	-	+	-	+	-	-	+	-	-	-	0	0	-	-	0
æː	V	phoible:231	0	-	+	-	+	-	+	+	0	+	-	-	-	-	-	0	0	-	0	0	0	+	-	+	+	-	0	-	-	+	-	-	-	0	0	-	-	0
øː	V	phoible:2169	0	-	+	-	+	-	+	+	0	+	-	-	-	-	+	+	-	-	0	0	0	+	-	-	+	-	+	-	-	+	-	-	-	0	0	-	-	0
ɑ	V	phoible:2169	0	-	+	-	-	-	+	+	0	+	-	-	-	-	-	0	0	-	0	0	0	+	-	+	-	+	0	-	-	+	-	-	-	0	0	-	-	0
ɑː	V	phoible:2406	0	-	+	-	+	-	+	+	0	+	-	-	-	-	-	0	0	-	0	0	0	+	-	+	-	+	0	-	-	+	-	-	-	0	0	-	-	0
ɔ	V	phoible:2169	0	-	+	-	-	-	+	+	0	+	-	-	-	-	+	+	-	-	0	0	0	+	-	-	-	+	-	-	-	+	-	-	-	0	0	-	-	0
ə	V	phoible:2406	0	-	+	-	-	-	+	+	0	+	-	-	-	-	-	0	0	-	0	0	0	+	-	-	-	-	-	-	-	+	-	-	-	0	0	-	-	0
ɛ	V	phoible:2169	0	-	+	-	-	-	+	+	0	+	-	-	-	-	-	0	0	-	0	0	0	+	-	-	+	-	-	-	-	+	-	-	-	0	0	-	-	0
ɪ	V	phoible:2169	0	-	+	-	-	-	+	+	0	+	-	-	-	-	-	0	0	-	0	0	0	+	+	-	+	-	-	-	-	+	-	-	-	0	0	-	-	0
ʊ	V	phoible:231	0	-	+	-	-	-	+	+	0	+	-	-	-	-	+	+	-	-	0	0	0	+	+	-	-	+	-	-	-	+	-	-	-	0	0	-	-	0
ʏ	V	phoible:2169	0	-	+	-	-	-	+	+	0	+	-	-	-	-	+	+	-	-	0	0	0	+	+	-	+	-	-	-	-	+	-	-	-	0	0	-	-	0
