orthography	oi_nom	oi_gen	stem	gender	status	kind	source	note
abhainn	aub	abae	n	f	attested		https://en.wiktionary.org/wiki/aub#Old_Irish	labelled feminine n-stem with irregular hybridization (neuter n-stem forms interfere); modern abhainn was originally dative singular of abha
adharc	adarc	adarcae	ā	f	attested		https://en.wiktionary.org/wiki/adarc#Old_Irish ; https://en.wiktionary.org/wiki/adharc	feminine ā-stem; alt variant OI aiderc also cited
Ailbhe	Ailbe			m	attested		https://en.wikipedia.org/wiki/Ailbe_of_Emly	unattested: stem class not shown in sources consulted; 9th-century monastic Rule of Ailbe, written in Old Irish, bears his name; genitive unattested
ainm	ainmm	anmae	n	n	attested		https://en.wiktionary.org/wiki/ainmm#Old_Irish ; https://en.wiktionary.org/wiki/ainm	neuter n-stem
Ainmire	Ainmire	Ainmirech	velar	m	attested		digest §10.6	velar stem; no distinct modern spelling, key = OI form
airgead	argat	argait	o	n	attested		https://en.wiktionary.org/wiki/argat#Old_Irish	no plural attested
Alba	Albu	Alban	n	f	attested		digest §10.6 ; strachan1909 p.15	n-stem
Aldfrith	Aldfrith			m	attested		digest §10.6	unattested: stem class not shown in sources consulted; Anglo-Saxon name current in Old Irish sources; genitive unattested in sources consulted
an-					none	late	https://en.wiktionary.org/wiki/an-	prefix, not a noun; the OI 'an-' entries on Wiktionary are negative/privative prefixes and a directional 'apart' prefix, not the intensive one; no attested OI ancestor found for the Modern Irish intensive an-
Anblamath	Anblamath	Anfolmithe		m	attested		digest §10.6	unattested: stem class not shown in sources consulted; stem class not stated in the digest; from Primitive Irish Anavlamattias
Anu	Anu	Anann	n	f	attested		digest §10.6	n-stem
Aodhán	Aédán			m	attested		https://en.wiktionary.org/wiki/Aodh%C3%A1n	unattested: stem class not shown in sources consulted; Etymology: "From Old Irish Aédán"; no dedicated Old Irish lemma page with declension was found, so genitive/stem unattested in sources consulted
Aoibheann	Aíbinn			f	attested		https://en.wikipedia.org/wiki/Aoibheann	unattested: stem class not shown in sources consulted; explicit "Old Irish: Aíbinn" label; genitive unattested
Aoife	Aífe			f	attested		https://en.wiktionary.org/wiki/Aoife	unattested: stem class not shown in sources consulted; Etymology: "From Old Irish Aífe"; no dedicated Old Irish lemma page with declension was found (the linked Aífe#Old_Irish section does not currently exist), so genitive/stem unattested in sources consulted
aon	óen				attested		https://en.wiktionary.org/wiki/aon	no nominal paradigm: numeral; numeral
Aonghus	Oíngus	Oíngusa	u	m	attested		https://en.wiktionary.org/wiki/O%C3%ADngus	
ard	ard		o		attested		https://en.wiktionary.org/wiki/ard	no nominal paradigm: adjective; adjective, o/ā class; inflects by agreement (also attested as a neuter o-stem noun "ard", genitive aird)
ard-	ard		o		attested		https://en.wiktionary.org/wiki/ard-	no nominal paradigm: prefix; prefix, not a noun; the prefix page's own etymology only derives ard- synchronically from Modern Irish ard; that base word ard is itself an attested OI o/ā-stem adjective/noun "ard"
ardnósach					none	late	https://en.wiktionary.org/wiki/ardnósach	Irish compound: ard- + nós + -ach; not an attested OI word
arán	arán	aráin	o	m	attested		https://en.wiktionary.org/wiki/ar%C3%A1n#Old_Irish	OI arán is rare, glossed as (rare) bread; the general OI word for bread was bairgen
athair	athair	athar	r	m	attested		https://en.wiktionary.org/wiki/athair#Old_Irish	real class is masculine r-stem (kinship noun)
bacach	baccach		o		attested		https://en.wiktionary.org/wiki/bacach	no nominal paradigm: adjective; adjective, o/ā class; inflects by agreement
bainne	bannae	bannai	o		attested		https://en.wiktionary.org/wiki/bannae#Old_Irish	unattested: gender unknown on the cited page (sga-noun|u); real class is io-stem, mapped to o; source states gender unknown/unspecified in DIL, gives masc io-stem as one of two possible inflections
ball	ball	baill	o	m	attested		https://en.wiktionary.org/w/index.php?title=ball&action=raw	paradigm word: o-stem masculine ("body part, member, part, spot"). CONTRADICTS hint: Wiktionary's genitive singular is "baill", not "boill"
beag	bec		o		attested		https://en.wiktionary.org/wiki/beag	no nominal paradigm: adjective; adjective, o/ā class; suppletive comparative lugu
bealach	belach				middle		https://en.wiktionary.org/wiki/bealach	unattested: gender and stem class not shown; Middle Irish only; no Old Irish attestation found (harvest log, unresolved). The Irish entry's etymology gives Middle Irish belach "gap, pass, road, path" (DIL 5608); no belach lemma exists on Wiktionary
bean	ben	mná	irregular	f	attested		https://en.wiktionary.org/wiki/ben#Old_Irish ; https://en.wiktionary.org/wiki/bean	real class: irregular/suppletive root noun (irreg-f), cf. gen mná
beirt	bert				attested		https://en.wiktionary.org/wiki/beirt	no nominal paradigm: numeral; numeral (personal, "two people"); Modern Irish beirt < Middle Irish beirt < Old Irish bert "burden, load, bundle" (semantic narrowing to "pair/two people" happened in Middle Irish)
blas	mlas		o		attested		https://en.wiktionary.org/wiki/mlas#Old_Irish ; https://en.wiktionary.org/wiki/blas	unattested: gender unknown on the cited page (sga-noun|u|?); OI mlas: full inflection unattested; believed to be o-stem but gender (m or n) undeterminable per source; genitive unattested in sources consulted
bliain	blíadain	blíadnae	ā	f	attested		https://en.wiktionary.org/wiki/bl%C3%ADadain#Old_Irish ; https://en.wiktionary.org/wiki/bliain	real class is ī-stem, mapped to ā
bláth	bláth	blátho	u	m	attested		https://en.wiktionary.org/wiki/bl%C3%A1th#Old_Irish ; https://en.wiktionary.org/wiki/bl%C3%A1th	masculine u-stem; gen sg also attested as blátha
bocht	bocht		o		attested		https://en.wiktionary.org/wiki/bocht	no nominal paradigm: adjective; adjective, o/ā class; inflects by agreement
borb	borb		o		attested		https://en.wiktionary.org/wiki/borb	no nominal paradigm: adjective; adjective, o/ā class; inflects by agreement
bradán	bratán	bratáin	o	m	attested		https://en.wiktionary.org/wiki/brat%C3%A1n#Old_Irish	masc o-stem, from brat plunder + -án
Bran	Bran	Brain		m	attested		https://en.wikipedia.org/wiki/Bran_mac_Febail	unattested: stem class not shown in sources consulted; title "Immram Brain maic Febail" shows genitive Brain; stem class not explicitly labeled in source
Breandán	Brénainn			m	attested		https://en.wiktionary.org/wiki/Breand%C3%A1n ; https://en.wiktionary.org/wiki/Br%C3%A9nainn	unattested: stem class not shown in sources consulted; genitive unattested in sources consulted
breitheamh	brithem	brithemon	n	m	attested		https://en.wiktionary.org/wiki/brithem#Old_Irish ; https://en.wiktionary.org/wiki/breitheamh	masculine n-stem; alt gen britheman also attested; alt spelling breithem also used
breá					none	late	https://en.wiktionary.org/wiki/breá	from Middle Irish bregda; no Old Irish ancestor given
Brian					none	loan	https://en.wiktionary.org/wiki/Brian	Wiktionary: "Middle Irish Brían, probably from Old Breton Brient"; explicitly states "the name Brian seems to have been unknown in Ireland before Brian Boru" (10th century), i.e. after the Old Irish period
briathar	bríathar	bréthre	ā	f	attested		https://en.wiktionary.org/wiki/br%C3%ADathar#Old_Irish	alt genitive bréithre
Bricriu	Bricriu	Bricrenn	n	m	attested		digest §10.6	n-stem; no modern reflex, key = OI form
bráthair	bráthair	bráthar	r	m	attested		https://en.wiktionary.org/wiki/br%C3%A1thair#Old_Irish	real class is masculine r-stem (kinship noun)
Bríd	Brigit	Brigte	ā	f	attested		https://en.wiktionary.org/wiki/Br%C3%ADd ; https://en.wiktionary.org/wiki/Brigit	Old Irish ī-stem mapped to ā per instructions; genitive also attested as variant "Brigite"
Bríghid	Brigit	Brigte	ā	f	attested		https://en.wiktionary.org/wiki/Brigit	real class ī-stem, mapped to ā per rules; alt genitive Brigite also given
buí	buide		o		attested		https://en.wiktionary.org/wiki/buide	no nominal paradigm: adjective; adjective, io/iā class; comparative buidiu. Source corrected in sample verification: the modern buí page has no Old Irish section, the form is shown on the Old Irish entry buide
bád					none	loan	https://en.wiktionary.org/wiki/b%C3%A1d	from Middle Irish bát, borrowed from Old English bāt; no Old Irish ancestor
bádóir					none	late	https://en.wiktionary.org/wiki/b%C3%A1d%C3%B3ir ; https://en.wiktionary.org/wiki/b%C3%A1d	late: an Irish-internal derivation (-óir) whose base is a loan; the coinage, not the borrowing, is what postdates Old Irish; bádóir = bád + agentive -óir; bád is itself a Middle Irish loan (< Old English bāt), so no OI ancestor
bán	bán		o		attested		https://en.wiktionary.org/wiki/bán	no nominal paradigm: adjective; adjective, o/ā class; inflects by agreement
béal	bél	béoil	o	m	attested		https://en.wiktionary.org/wiki/b%C3%A9l#Old_Irish	alt genitive béuil
béas	bés	béso	u	m	attested		https://en.wiktionary.org/wiki/b%C3%A9s#Old_Irish	modern béas < OI bés custom; masc u-stem
Béibhinn	Bébinn			f	attested		https://en.wikipedia.org/wiki/B%C3%A9binn	unattested: stem class not shown in sources consulted; page uses manuscript dot-above ḃ (=bh); "early Irish personal and mythological name"; genitive unattested
bó	bó	bóu	irregular	f	attested		https://en.wiktionary.org/wiki/b%C3%B3#Old_Irish	declension table explicitly labelled feminine irregular; alt genitive bó
cailín					none	late	https://en.wiktionary.org/wiki/cail%C3%ADn	from caile (attested OI, fem iā-stem "maid/servant") + diminutive -ín; -ín is stated to have replaced OI diminutive suffixes -án/-én, so the -ín formation postdates the OI period; not itself attested in OI
Cairmilíteach					none	loan	https://en.wiktionary.org/wiki/Carmelites	loan: borrowed order-name with a native suffix; no Wiktionary entry exists for Cairmilíteach; Carmelite order founded 12th century (per Wikipedia), centuries after the Old Irish period, so no OI ancestor is possible
caisleán	caisel	caisil	o	n	attested		https://en.wiktionary.org/wiki/caisel#Old_Irish ; https://en.wiktionary.org/wiki/caisle%C3%A1n	OI caisel itself a loan < Latin castellum; ModIr via MidIr caislén
Caoimhe	cóem	coíme	ā	f	attested		https://en.wikipedia.org/wiki/Caoimhe ; https://en.wiktionary.org/wiki/c%C3%B3em	Underlying OI word is the adjective/abstract "cóem" ("dear, beloved") or its derived abstract noun "caíme" ("beauty"), not itself directly attested as a proper name in Old Irish; o/ā-stem adjective, fem. genitive singular "coíme"
caol	coíl		o		attested		https://en.wiktionary.org/wiki/caol	no nominal paradigm: adjective; adjective, o/ā class; inflects by agreement
caora	cauru	caírech	velar	f	attested		https://en.wiktionary.org/wiki/cauru#Old_Irish	declension table labelled feminine k-stem (velar stem), mapped to irregular per instructions
capall	capall	capaill	o	m	attested		https://en.wiktionary.org/wiki/capall#Old_Irish	masc o-stem
cara	carae	carat	dental	m	attested		https://en.wiktionary.org/wiki/carae#Old_Irish ; https://en.wiktionary.org/wiki/cara ; https://en.wiktionary.org/wiki/carae	real class is nt-stem (mixed n/dental stem) ; stem set to dental (carae/carat is the standard dental-stem paradigm word, https://en.wiktionary.org/wiki/carae)
carr	carr				attested		https://en.wiktionary.org/wiki/carr	unattested: stem class not shown in sources consulted; no dedicated OI Wiktionary entry; genitive/stem/gender unattested in sources consulted; meaning "cart, waggon"
cath	cath	catho	u	m	attested		https://en.wiktionary.org/wiki/cath#Old_Irish	alt genitive catha
Cathal	Cathal			m	attested		https://en.wiktionary.org/wiki/Cathal	unattested: stem class not shown in sources consulted; Etymology: "From Old Irish Cathal, from Proto-Celtic *Katuwalos"; no dedicated Old Irish declension page found; modern Irish genitive is "Chathail" but Old Irish genitive/stem is unattested in sources consulted
Ceallach	Cellach	Cellaig	o	m	attested		https://en.wiktionary.org/wiki/Cellach	attested compound name; masc o-stem, gen sg Cellaig
ceann	cenn	cinn	o	n	attested		https://en.wiktionary.org/wiki/cenn#Old_Irish ; https://en.wiktionary.org/wiki/ceann	neuter o-stem
ceithre	cethair				attested		https://en.wiktionary.org/wiki/ceathair	no nominal paradigm: numeral; numeral; 'ceithre' (attributive form) has no Etymology section of its own on Wiktionary, but is cross-referenced as a variant of 'ceathair', whose OI ancestor is cethair
ceol	céul	cíuil	o	n	attested		https://en.wiktionary.org/wiki/c%C3%A9ul#Old_Irish	modern ceol < Middle Irish ceól < OI céul
Cian	Cían			m	attested		https://en.wiktionary.org/wiki/C%C3%ADan	unattested: stem class not shown in sources consulted; genitive unattested in sources consulted; stem class not shown
Ciara					none	late	https://en.wiktionary.org/wiki/Ciara	Wiktionary Irish section calls Ciara "a new Irish feminine form of Ciarán"; no Old Irish ancestor form of Ciara itself is attested; underlying adjective is OI "ciar" (dark)
Ciarán	Cíarán	Cíaráin	o	m	attested		https://en.wiktionary.org/wiki/C%C3%ADar%C3%A1n	
cill	cell	cille	ā	f	attested		https://en.wiktionary.org/wiki/cell#Old_Irish	fem ā-stem, borrowed from Latin cella
ciúin	ciúin		i		attested		https://en.wiktionary.org/wiki/ciúin	no nominal paradigm: adjective; adjective, i-stem class; inflects by agreement
claíomh	claideb	claidib	o	m	attested		https://en.wiktionary.org/wiki/claideb#Old_Irish	
cliste					none	late	https://en.wiktionary.org/wiki/cliste	from Middle Irish cliste, past participle of clisid; no Old Irish form given
cloch	cloch	cloiche	ā	f	attested		https://en.wiktionary.org/wiki/cloch#Old_Irish	
cluas	clúas	clúaise	ā	f	attested		https://en.wiktionary.org/wiki/cl%C3%BAas#Old_Irish	
Clíodhna	Clídna			f	attested		https://en.wiktionary.org/wiki/Cl%C3%ADdna	unattested: stem class not shown in sources consulted; genitive unattested; stem class not given
cnaipe					none	loan	https://en.wiktionary.org/wiki/cnaipe	from Middle Irish cnap, borrowed from Old Norse knappr and/or Old English cnæp; confirmed loan, no OI ancestor
cnoc	cnocc	cnuicc	o	m	attested		https://en.wiktionary.org/wiki/cnocc#Old_Irish ; https://en.wiktionary.org/wiki/cnoc	masculine o-stem
cnámh	cnáim	cnámo	i	m	attested		https://en.wiktionary.org/wiki/cn%C3%A1im#Old_Irish ; https://en.wiktionary.org/wiki/cn%C3%A1mh	masculine i-stem; alt gen cnáma also attested
coill	caill	caille	ā	f	attested		https://en.wiktionary.org/wiki/caill#Old_Irish	real class is ī-stem, mapped to ā per instructions
Colm	Colum		o	m	attested		https://en.wiktionary.org/wiki/columb	"Colum" is given as an alternate form of Old Irish "columb" (dove), masc. o-stem, gen.sg. of columb is "coluimb"; genitive of the variant "colum" itself not separately shown, so genitive unattested in sources consulted; Wiktionary's own Colm entry cites only Middle Irish Colm < Late Latin Columba, but the underlying Old Irish alternate form columb/colum is directly attested
Colmán	Colmán	Colmáin	o	m	attested		https://en.wiktionary.org/wiki/Colm%C3%A1n	
Conall	Conall	Conaill		m	attested		https://en.wiktionary.org/wiki/Conall	unattested: stem class not shown in sources consulted; stem class not shown in source (no declension table given)
Conchobhar	Conchobar	Conchobair	o	m	attested		https://en.wiktionary.org/wiki/Conchobar	attested compound name; Old Irish section gives full declension, masc o-stem, gen sg Conchobair
Conchúr	Conchobar	Conchobair	o	m	attested		https://en.wiktionary.org/wiki/Conchobar	
Conn	Conn	Cuinn	o	m	attested		https://en.wiktionary.org/wiki/Conn	name-formation element
Cormac	Cormac	Cormaic	o	m	attested		https://en.wiktionary.org/wiki/Cormac	
cos	cos	coise	ā	f	attested		https://en.wiktionary.org/wiki/cos#Old_Irish ; https://en.wiktionary.org/wiki/cos	feminine ā-stem
crann	crann	cruinn	o	n	attested		https://en.wiktionary.org/wiki/crann#Old_Irish	
croiceann	croiccenn	crocainn	o	n	attested		https://en.wiktionary.org/wiki/craiceann ; https://en.wiktionary.org/wiki/crocenn#Old_Irish	croiccenn is alt spelling of crocenn; gender deduced as neuter (not declared in DIL) per Wiktionary's discussion; modern croiceann is alt form of craiceann
crom	cromb		o		attested		https://en.wiktionary.org/wiki/crom	no nominal paradigm: adjective; adjective, o/ā class; inflects by agreement
croí	cride	cridi	o	n	attested		https://en.wiktionary.org/wiki/cride#Old_Irish ; https://en.wiktionary.org/wiki/cro%C3%AD	real class is io-stem, mapped to o; neuter "heart"
cróga					none	late	https://en.wiktionary.org/wiki/cróga	from Middle Irish cróda (cró + -ga); no Old Irish form given
Cualu	Cúalu	Cúalann	n		attested		digest §10.6	unattested: gender not stated in the digest; n-stem; gender not stated in the digest
Cuanu	Cúanu	Cúanach	velar	m	attested		digest §10.6	velar stem; no modern reflex, key = normalized OI form
Cuirithir	Cuirithir			m	attested		digest §10.6	unattested: stem class not shown in sources consulted; genitive unattested in sources consulted
Culann	Culann	Culainn		m	attested		https://en.wiktionary.org/wiki/C%C3%BA_Chulainn#Old_Irish ; https://en.wikipedia.org/wiki/Culann	unattested: stem class not shown in sources consulted; name-formation element: the Old Irish Cú Chulainn entry derives the name from cú + Culann, "another male given name", and gives the genitive Con Culainn, whence gen Culainn; no Culann lemma page exists
céile	céile	céili	o	m	attested		https://en.wiktionary.org/wiki/c%C3%A9ile#Old_Irish	real class is io-stem, mapped to o; masculine
cú	cú	con	n	m	attested		https://en.wiktionary.org/wiki/c%C3%BA#Old_Irish	masc n-stem; dog, hound
Cú Chonnacht	Cú Chonnacht		indecl	m	attested		https://en.wikipedia.org/wiki/C%C3%BA_Connacht_%C3%93_D%C3%A1laigh	fixed formation, not a paradigm; inflects to itself (indecl, O-21); built from element rows; attested compound name; "hound of Connacht"; no genitive shown on this page
Cú Chulainn	Cú Chulainn	Con Culainn	irregular	m	attested		https://en.wikipedia.org/wiki/C%C3%BA_Chulainn ; https://en.wiktionary.org/wiki/C%C3%BA_Chulainn#Old_Irish	kept irregular: whole-name row whose genitive Con Culainn is attested (Wiktionary Old Irish entry: m, genitive Con Culainn); attested compound name; genitive "Con Culainn" evidenced by titles quoted in the article (Compert Con Culainn, Serglige Con Culainn)
cúig	cóic				attested		https://en.wiktionary.org/wiki/cúig	no nominal paradigm: numeral; numeral
Da Derga	Da Derga		indecl	m	attested		digest §10.6 ; digest §10.5	indeclinable (wiki-old-irish-grammar, Indeclinable nouns)
dearg	derg		o		attested		https://en.wiktionary.org/wiki/derg	no nominal paradigm: adjective; adjective, o/ā class; inflects by agreement
deas	dess		o		attested		https://en.wiktionary.org/wiki/deas	no nominal paradigm: adjective; adjective, o/ā class; inflects by agreement
deich	deich				attested		https://en.wiktionary.org/wiki/deich	no nominal paradigm: numeral; numeral
Deichtire	Deichtire			f	attested		digest §10.6	unattested: stem class not shown in sources consulted; alternative form Deichtine; genitive unattested in sources consulted
Deirdre	Derdriu	Derdrenn	n	f	attested		https://en.wiktionary.org/wiki/Derdriu	
deirfiúr	siur	sethar	r	f	attested		https://en.wiktionary.org/wiki/deirfi%C3%BAr ; https://en.wiktionary.org/wiki/siur#Old_Irish	deirfiúr < Middle Irish derbṡiur < OI derb ("certain/sure") + siur ("sister"); siur itself attested OI fem r-stem, gen sethar; no single unitary OI lexeme "deirfiúr" exists, this is the noun element
dia	día	dé	o	m	attested		https://en.wiktionary.org/wiki/d%C3%ADa#Old_Irish ; https://en.wiktionary.org/wiki/dia	entry for "god" sense (not "day"); masculine o-stem
Diarmaid	Diarmait	Diarmato	i	m	attested		https://en.wiktionary.org/wiki/Diarmait	Genitive also attested as variant "Diarmata"; masculine i-stem
Domhnall	Domnall	Domnaill	o	m	attested		https://en.wiktionary.org/wiki/Domnall	
donn	donn		o		attested		https://en.wiktionary.org/wiki/donn	no nominal paradigm: adjective; adjective, o/ā class; inflects by agreement
Donnchadh	Donnchad	Donnchado	u	m	attested		https://en.wiktionary.org/wiki/Donnchad	alt genitive Donnchada also given
doras	dorus	doirseo	u	n	attested		https://en.wiktionary.org/wiki/dorus#Old_Irish ; https://en.wiktionary.org/wiki/doras	neuter u-stem; alt gen doirsea also attested
dorcha	dorchae		o		attested		https://en.wiktionary.org/wiki/dorcha	no nominal paradigm: adjective; adjective, io/iā class; inflects by agreement (also attested as a neuter io-stem noun "dorchae")
dorn	dorn	duirn	o	m	attested		https://en.wiktionary.org/wiki/dorn#Old_Irish ; https://en.wiktionary.org/wiki/dorn	masculine o-stem
droch-	droch				attested		https://en.wiktionary.org/wiki/droch-	no nominal paradigm: prefix; prefix, not a noun; Modern Irish droch- explicitly "From Old Irish droch ('bad')"; no separate OI prefix entry page, cited within the Irish etymology
drochbhéasach					none	late	https://en.wiktionary.org/wiki/drochbhéasach	Irish compound: droch- + béas + -ach; not an attested OI word
droim	druimm	drommo	i	n	attested		https://en.wiktionary.org/wiki/druimm#Old_Irish ; https://en.wiktionary.org/wiki/droim	neuter i-stem; plural drummae
dualgas	dúalgas				middle		https://en.wiktionary.org/wiki/dualgas	unattested: gender and stem class not shown; Middle Irish only; no Old Irish attestation found (harvest log, unresolved). The Irish entry's etymology gives Middle Irish dúalgas, dúalcus, alteration of dúalus (DIL 18960); no dúalgas lemma exists on Wiktionary
dubh	dub		u		attested		https://en.wiktionary.org/wiki/dub	no nominal paradigm: adjective; adjective, u-stem class (not the usual o/ā); also attested as an Old Irish u-stem neuter noun dub glossed "ink, pigment, gall"; inflects by agreement
Dubh-dá-leithe	Dub dá Leithe		indecl	m	attested		https://en.wikipedia.org/wiki/Dub_d%C3%A1_Leithe	fixed formation, not a paradigm; inflects to itself (indecl, O-21); built from element rows; attested compound name; also spelled "Dubhdalethe" in the article; no genitive or etymological gloss given
Dubhthach	Dubthach	Dubthaig	o	m	attested		https://en.wiktionary.org/wiki/Dubthach#Old_Irish	two-element colour compound name (dub + -thach), masculine o-stem, gen sg Dubthaig; Task 15's COLOUR target (R31a)
duine	duine	duini	o	m	attested		https://en.wiktionary.org/wiki/duine#Old_Irish	io-stem noted on page, mapped to o per instructions
Dáire	Dáire			m	attested		https://en.wikipedia.org/wiki/D%C3%A1ire	unattested: stem class not shown in sources consulted; explicitly called "a masculine Old Irish name"; genitive unattested in sources consulted
dán	dán	dáno	u	m	attested		https://en.wiktionary.org/wiki/d%C3%A1n#Old_Irish	u-stem masculine; the page shows dána as an alternative nominative PLURAL, not an alternative genitive
dílis					none	late	https://en.wiktionary.org/wiki/dílis	from Middle Irish díles (page does not exist on Wiktionary, no OI form given)
dó	dáu				attested		https://en.wiktionary.org/wiki/dó	no nominal paradigm: numeral; numeral; OI dáu has no separate Wiktionary page but is quoted and DIL-referenced in the dó etymology
Dónall	Domnall	Domnaill	o	m	attested		https://en.wiktionary.org/wiki/Domnall	Old Irish masculine o-stem, genitive singular Domnaill, directly confirmed on its own Old Irish Wiktionary entry
dún	dún	dúin	o	n	attested		https://en.wiktionary.org/wiki/d%C3%BAn#Old_Irish	neuter; also has alternate declension as neuter s-stem (gen dúine) besides primary o-stem reported here
Eachann	Eochaid	Eochado	i	m	attested		https://en.wiktionary.org/wiki/Eachann ; https://en.wiktionary.org/wiki/Eochaid	Eachann's OI ancestor found via Scottish Gaelic etymology section citing OI Eochaid; alt genitive Eochada also given
Eamhain	Emain				attested		digest §10.6	unattested: stem class not shown in sources consulted; territory name (Emain Macha); genitive and stem class unattested in sources consulted
easpag	epscop	epscoip	o	m	attested		https://en.wiktionary.org/wiki/epscop#Old_Irish ; https://en.wiktionary.org/wiki/easpag	OI epscop < Latin episcopus; masc o-stem; alt gen epscuip also attested in some mss
Eire	Ériu	Érenn	n	f	attested		digest §10.6 ; strachan1909 p.15	n-stem; dative Érinn
Eithne	Eithne	Eithne	ā	f	attested		https://en.wiktionary.org/wiki/Eithne	real class iā-stem, mapped to ā per rules
Eochaidh	Echu	Echach	velar	m	attested		https://en.wiktionary.org/wiki/Echu	paradigm word: true class k-stem/velar-final noun; genitive Echach matches hint exactly, BUT Wiktionary's headword is spelled "Echu", not "Eochu" as given in the hint (Eochu/Eochaid/Eocho are attested as alternative-form spellings per https://en.wiktionary.org/wiki/Eochaid)
Eoghan	Eógan			m	middle		https://en.wiktionary.org/wiki/Eoghan	unattested: stem class not shown; Middle Irish only; no Old Irish attestation found (harvest log, unresolved). The Irish entry's etymology gives Middle Irish Eógan; no Eógan lemma exists on Wiktionary. Wikipedia's Eógan article heads itself Éogan (tagged with the Old Irish language code, labelled only "early Irish") — recorded, not relied on
Eoin	Iohain	Iohain	indecl	m	attested		https://en.wiktionary.org/wiki/Eoin ; https://en.wiktionary.org/wiki/Iohain	Old Irish Iohain is an indeclinable masculine proper noun (all cases identical); real class = indeclinable
fada	fota		o		attested		https://en.wiktionary.org/wiki/fada	no nominal paradigm: adjective; adjective, io/iā class; inflects by agreement
Faolán	Fáelán	Fáeláin	o	m	attested		https://en.wiktionary.org/wiki/F%C3%A1el%C3%A1n	
fear	fer	fir	o	m	attested		https://en.wiktionary.org/wiki/fer#Old_Irish ; https://en.wiktionary.org/wiki/fear	masculine o-stem
Fear Diad	Fer Diad		indecl	m	attested		https://en.wikipedia.org/wiki/Fer_Diad	fixed formation, not a paradigm; inflects to itself (indecl, O-21); built from element rows; attested compound name; article gives Old Irish spelling variants "Fer Diad, Ferdia, Fear Diadh"; no genitive shown
fearg	ferg	fergae	ā	f	attested		https://en.wiktionary.org/wiki/ferg#Old_Irish ; https://en.wiktionary.org/wiki/fearg	feminine ā-stem
Fearghal	Fergal	Fergaile	ā	m	attested		https://en.wiktionary.org/wiki/Fergal	compound of fer+gal "valour"; declines as fem ā-stem despite masc gender
Fearghus	Fergus	Fergusso	u	m	attested		https://en.wiktionary.org/wiki/Fergus	
Feidhlim	Fedlimid			m	attested		https://en.wikipedia.org/wiki/Feidhlim	unattested: stem class not shown in sources consulted; explicit "Old Irish: Fedlimid" label; genitive unattested
fiacail	fíacail	fíaclo	i	m	attested		https://en.wiktionary.org/wiki/f%C3%ADacail#Old_Irish	gender m per the cited page's headword (m, alternatively f); source labels this Unknown gender i-stem; alt genitive fíacla
Fiachra	Fíachrai	Fíachrach	velar	m	attested		https://en.wiktionary.org/wiki/F%C3%ADachrai	real class: g-stem (velar stem)
file	fili	filed	dental	m	attested		https://en.wiktionary.org/wiki/fili#Old_Irish ; https://en.wiktionary.org/wiki/file	t-stem, classed as dental stem ("poet, seer")
Fionn	Finn		o	m	attested		https://en.wiktionary.org/wiki/Fionn ; https://en.wiktionary.org/wiki/find	Fionn's OI etymon "Finn" is described as "an epithet from the adjective find" (o/ā-stem adjective, gen.sg.fem. finde attested); no dedicated proper-noun declension for substantivized "Finn" found, so genitive unattested in sources consulted
Fionnabhair	Findabair	Findubrech	velar	f	attested		digest §10.6	velar stem; digest prints the nominative as Findubair — alternative spelling
Fionnbharr	Findbarr			m	attested		https://en.wiktionary.org/wiki/Fionnbharr	unattested: stem class not shown in sources consulted; genitive unattested; etymology: "from Middle Irish Finnbarr, from Old Irish Findbarr"
Fionnuala	Finnguala			f	attested		https://en.wikipedia.org/wiki/Fionnuala	unattested: stem class not shown in sources consulted; genitive unattested in sources consulted
flaith	flaith	flatho	i	f	attested		https://en.wiktionary.org/wiki/flaith#Old_Irish	alt genitive flatha
Flann	Flann	Flainn	o	m	attested		https://en.wiktionary.org/wiki/Flann	unisex name; source also gives a feminine ā-stem declension but marks it reconstructed/unattested, so masc o-stem (attested) used here
focal	focul	focuil	o	n	attested		https://en.wiktionary.org/wiki/focul#Old_Irish	gender given as n or m
freagra	frecrae	frecrai	o	n	attested		https://en.wiktionary.org/wiki/frecrae#Old_Irish ; https://en.wiktionary.org/wiki/freagra	real class is io-stem (neuter), mapped to o; verbal noun of fris·gair
fuar	úar		o		attested		https://en.wiktionary.org/wiki/fuar	no nominal paradigm: adjective; adjective, o/ā class; inflects by agreement
fuil	fuil	folo	i	f	attested		https://en.wiktionary.org/wiki/fuil#Old_Irish	alt genitive fola
féar	fér	féuir	o	n	attested		https://en.wiktionary.org/wiki/f%C3%A9r#Old_Irish	
fíor-	fír				attested		https://en.wiktionary.org/wiki/fíor	no nominal paradigm: prefix; prefix, not a noun; the prefix page's own etymology only derives fíor- synchronically from Modern Irish fíor; that base word fíor is itself "From Old Irish fír ('true')"
Gaeilge	Goídelc	Goídilce	ā	f	attested		digest §10.6 ; https://en.wiktionary.org/wiki/Go%C3%ADdelc#Old_Irish	the language's own name; Old Irish entry: feminine ā-stem, declension table on stem Goídilc- (gen sg Goídilce); no plural
Gael	Goídel	Goídil	o	m	attested		https://en.wiktionary.org/wiki/Go%C3%ADdel#Old_Irish	masc o-stem; modern Gael is a reduced form of Goídel
Gaelach					none	late	https://en.wiktionary.org/wiki/Gaelach	formed in Irish from Gael + -ach; not itself an attested OI word (Gael ultimately from OI Goídel, but the -ach adjective is a later coinage)
gaiscíoch	gaiscedach	gaiscedaig	o	m	middle		https://en.wiktionary.org/wiki/gaiscedach#Middle_Irish	Middle Irish only; no Old Irish attestation found (harvest log, unresolved); Middle Irish noun m, gen gaiscedaig (o by the -ach/-aig genitive shown, class not stated); from Old Irish gaisced + -ach
gar-	gar				attested		https://en.wiktionary.org/wiki/gar	no nominal paradigm: prefix; prefix, not a noun; the prefix page's own etymology only derives gar- synchronically from Modern Irish gar; that base word gar is itself "From Old Irish gar ('short; near')"
garbh	garb				middle		https://en.wiktionary.org/wiki/garbh	no nominal paradigm: adjective; Middle Irish only; no Old Irish attestation found (harvest log, unresolved). The Irish entry's etymology gives Middle Irish garb (DIL 25380), from Proto-Celtic *garwos; no Middle Irish garb lemma exists on Wiktionary
gasúr					none	loan	https://en.wiktionary.org/wiki/gas%C3%BAr	loanword: modification of garsún < Anglo-Norman garçun, altered under influence of native "gas" (lad); post-OI borrowing, no OI ancestor
geal	gel		o		attested		https://en.wiktionary.org/wiki/geal	no nominal paradigm: adjective; adjective, o/ā class; inflects by agreement
gealbhan	gelbann				attested		https://en.wiktionary.org/wiki/gealbhan ; https://en.wiktionary.org/wiki/gealbhonn	unattested: stem class not shown in sources consulted; OI gelbann "sparrow" attested unstarred in etymology of gealbhan and Sc. Gaelic gealbhonn; no dedicated OI Wiktionary entry exists so genitive/stem/gender unattested in sources consulted
gearr	gerr				middle		https://en.wiktionary.org/wiki/gerr#Middle_Irish	no nominal paradigm: adjective; Middle Irish only; no Old Irish attestation found (harvest log, unresolved); Middle Irish adjective "short" (DIL 25748), from Proto-Celtic *gerros
geata					none	loan	https://en.wiktionary.org/wiki/geata	loan via Middle English ȝeat < Old English ġeat; enters Irish only as reconstructed/asterisked Middle Irish *geta; post-OI period, no OI ancestor
Giolla	gilla		indecl	m	attested		https://en.wiktionary.org/wiki/gilla ; https://en.wikipedia.org/wiki/Mac_Giolla_Ph%C3%A1draig_dynasty	indecl by decision (plan Task 3): formation element; the Middle Irish Wiktionary lemma gives gender m, plural gillai, no singular declension table; name-formation element. CONFLICT: Wiktionary labels the lemma gilla MIDDLE Irish, not Old Irish; the element is nevertheless shown inside the Old Irish name Gilla Pátraic on the second cited page. Genitive and stem class unattested in sources consulted
Giolla Pádraig	Gilla Pátraic		indecl	m	attested		https://en.wikipedia.org/wiki/Mac_Giolla_Ph%C3%A1draig_dynasty	fixed formation, not a paradigm; inflects to itself (indecl, O-21); built from element rows; attested compound name; the cited article gives the dynastic form "Mac Gilla Pátraic", from which the underlying personal name Gilla Pátraic is taken; no genitive shown
Giolla Íosa	Gilla Isa		indecl	m	attested		https://en.wikipedia.org/wiki/Giolla_%C3%8Dosa_Mac_Fir_Bisigh	fixed formation, not a paradigm; inflects to itself (indecl, O-21); built from element rows; attested compound name; article body and the Annals of Connacht quotation both use the older spelling "Gilla Isa" (page title uses modernized "Giolla Íosa"); no genitive shown
glas	glas		o		attested		https://en.wiktionary.org/wiki/glas	no nominal paradigm: adjective; adjective, o/ā class; inflects by agreement (also a separate OI noun "glas" (lock/fetter), masc/fem o-stem)
glúin	glún	glúne	s	n	attested		https://en.wiktionary.org/wiki/gl%C3%BAn#Old_Irish ; https://en.wiktionary.org/wiki/gl%C3%BAin	real class: neuter s-stem; alt gen glúnae
gorm	gorm				attested		https://en.wiktionary.org/wiki/gorm	no nominal paradigm: adjective; adjective; no dedicated OI entry page on Wiktionary, form cited only in the Irish etymology section ("From Old Irish gorm"), so stem class not given
grian	grían	gréine	ā	f	attested		https://en.wiktionary.org/wiki/gr%C3%ADan#Old_Irish	fem ā-stem "sun"
guth	guth	gotho	u	m	attested		https://en.wiktionary.org/wiki/guth#Old_Irish	masculine u-stem; alt gen gotha also attested
guí	guide	guide	ā	f	attested		https://en.wiktionary.org/wiki/guide	paradigm word: iā-stem feminine (mapped to ā); genitive singular is identical to nominative, "guide" (verbal noun of guidid); hint gave no genitive to compare
iarann	íarn	íairn	o	n	attested		https://en.wiktionary.org/wiki/%C3%ADarn#Old_Irish	gender given as n or m; alt genitive éirn also given; has separate disyllabic/monosyllabic o-stem declensions depending on gender
iasc	íasc	éisc	o	m	attested		https://en.wiktionary.org/wiki/%C3%ADasc#Old_Irish ; https://en.wiktionary.org/wiki/iasc	masculine o-stem
inion	ingen	ingine	ā	f	attested		https://en.wiktionary.org/wiki/ingen	name-formation element
iolar	irar	irair	o	m	attested		https://en.wiktionary.org/wiki/irar#Old_Irish	masc o-stem
lag	lac				attested		https://en.wiktionary.org/wiki/lag	no nominal paradigm: adjective; adjective; no declension table given on Wiktionary so stem class not confirmable there
lag-	lac				attested		https://en.wiktionary.org/wiki/lag-	no nominal paradigm: prefix; prefix, not a noun; the prefix page's own etymology only derives lag- synchronically from Modern Irish lag; that base word lag is itself "From Old Irish lac ('weak')"
laoch	láech	laích	o	m	attested		https://en.wiktionary.org/wiki/l%C3%A1ech#Old_Irish	borrowed from Late Latin lāicus
Laoghaire	Lóegaire	Lóegaire	o	m	attested		digest §10.6 ; https://en.wiktionary.org/wiki/L%C3%B3egaire#Old_Irish	Old Irish entry: masculine io-stem (mapped to o), genitive Lóegaire (= nominative)
lasair	lassar	lasrae	ā	f	attested		https://en.wiktionary.org/wiki/lassar#Old_Irish ; https://en.wiktionary.org/wiki/lasair	OI lassar "flame" < Proto-Celtic *laxsaros; fem ā-stem
leabhar	lebor	libair	o	m	attested		https://en.wiktionary.org/wiki/lebor#Old_Irish ; https://en.wiktionary.org/wiki/leabhar	OI lebor itself a loan < Latin liber; alt gen forms libuir/liubair also cited
leanbh	lenab	lenaib	o	m	attested		https://en.wiktionary.org/wiki/lenab#Old_Irish ; https://en.wiktionary.org/wiki/leanbh	masculine o-stem
leath	leth	leithe	s	n	attested		https://en.wiktionary.org/wiki/leth#Old_Irish	name-formation element (Dub dá Leithe 'black of two sides'); neuter, declined both as an o-stem (gen leith) and as an s-stem (gen leithe) on the cited page; s chosen because the compound shows leithe
leisciúil					none	late	https://en.wiktionary.org/wiki/leisciúil	later Irish formation: leisce + -úil, not from an OI ancestor
Liadain	Líadain	Líadaine	ā	f	attested		digest §10.6 ; https://en.wiktionary.org/wiki/L%C3%ADadain#Old_Irish	Old Irish entry: feminine ī-stem (sga-decl-ih), mapped to ā; genitive Líadaine
loch	loch	locho	u	n	attested		https://en.wiktionary.org/wiki/loch#Old_Irish	gender given as n or m; alt genitive locha also given
Lochlann	Lothland	Lothlainde	ā	f	attested		https://en.wiktionary.org/wiki/Lochlann ; https://en.wiktionary.org/wiki/Lothland	OI ancestor is the place name "Scandinavia" (grammatically feminine); modern Lochlann is a masculine personal name derived from it
long	long	lungae	ā	f	attested		https://en.wiktionary.org/wiki/long#Old_Irish	feminine ā-stem; OI word's own etymology disputed (possible Latin (navis) longa loan vs native Proto-Celtic *longā) but form itself is attested native OI vocabulary
luath	lúath		o		attested		https://en.wiktionary.org/wiki/luath	no nominal paradigm: adjective; adjective, o/ā class; inflects by agreement
Lugh	Lug	Loga	u	m	attested		https://en.wiktionary.org/wiki/Lugh ; https://en.wiktionary.org/wiki/Lug	genitive also spelled Logo
Lughaidh	Lugaid	Luigdech	velar	m	attested		https://en.wiktionary.org/wiki/Lugaid	paradigm word: true class k-stem/velar-final noun, matches hint's "velar stem m" exactly (genitive Luigdech)
láidir	láitir		i		attested		https://en.wiktionary.org/wiki/láidir	no nominal paradigm: adjective; adjective, i-stem class; inflects by agreement
lámh	lám	láme	ā	f	attested		https://en.wiktionary.org/wiki/l%C3%A1m#Old_Irish	alt genitives láime, lámae
mac	macc	maicc	o	m	attested		https://en.wiktionary.org/wiki/macc#Old_Irish ; https://en.wiktionary.org/wiki/mac	masculine o-stem; alt gen meicc
madra	madrad			m	attested		https://en.wiktionary.org/wiki/madra	unattested: stem class not shown in sources consulted; gender m from the Middle Irish madrad entry; the Irish entry's etymology names Old Irish madrad, matrad, but the dedicated Wiktionary entry for madrad is categorised Middle Irish — CONFLICT recorded, form kept on the etymology citation; genitive and stem class unattested in sources consulted
maith	maith		i		attested		https://en.wiktionary.org/wiki/maith	no nominal paradigm: adjective; adjective, i-stem class; suppletive comparative ferr, superlative dech
mall	mall		o		attested		https://en.wiktionary.org/wiki/mall	no nominal paradigm: adjective; adjective, o/ā class; inflects by agreement
Maol	máel	maíle	ā	f	attested		https://en.wiktionary.org/wiki/m%C3%A1el	name-formation element; noun sense 'shaved head/bare object' is ā-stem f (gen maíle, nom pl máela); the adjective 'bald,tonsured,shorn' used in front of saints' names (Máel Coluim etc) is a mixed o/ā-stem agreeing with the head noun, not reducible to one stem class
Maol Coluim	Máel Coluim		indecl	m	attested		https://en.wikipedia.org/wiki/M%C3%A1el_Coluim_I,_Earl_of_Fife	fixed formation, not a paradigm; inflects to itself (indecl, O-21); built from element rows; attested compound name; article gives "Máel Coluim" explicitly as the Old Irish spelling, anglicised Malcolm; no genitive form was shown on this page
Maol Muire	Máel Muire		indecl		attested		https://en.wikipedia.org/wiki/M%C3%A1el_Muire	unattested: gender — the cited page calls the name unisex; fixed formation, not a paradigm; inflects to itself (indecl, O-21); built from element rows; attested compound name, "devotee of Mary"; the cited page treats Máel Muire as UNISEX (borne by women too), so gender is left blank rather than m; no genitive shown on this page
Maol Seachlainn	Máel Sechnaill		indecl	m	attested		https://en.wikipedia.org/wiki/M%C3%A1el_Sechnaill	fixed formation, not a paradigm; inflects to itself (indecl, O-21); built from element rows; attested compound name; "devotee of St Sechnall"; no genitive shown
mic	maicc	maicc	o	m	attested		https://en.wiktionary.org/wiki/mic ; https://en.wiktionary.org/wiki/macc#Old_Irish	inflected form (voc/gen sg, also nom pl) of lemma OI macc "son", masc o-stem; key is an inflected form; alt spelling maic/meic also attested
milis	milis		i		attested		https://en.wiktionary.org/wiki/milis	no nominal paradigm: adjective; adjective, i-stem class; inflects by agreement
Miliucc	Miliucc	Milcon	n	m	attested		digest §10.6	n-stem; no modern reflex, key = OI form
mná	mná	mná	irregular	f	attested		https://en.wiktionary.org/wiki/mn%C3%A1 ; https://en.wiktionary.org/wiki/ben#Old_Irish	inflected form (gen sg / nom-voc-acc pl) of lemma OI ben "woman", irregular suppletive feminine declension; key is an inflected form, not the OI lemma
Morann	Morann	Morainn		m	attested		digest §10.6	unattested: stem class not shown in sources consulted; genitive Morainn shows a palatalized final (o-stem pattern) but the class is not stated
muc	mucc	muicce	ā	f	attested		https://en.wiktionary.org/wiki/mucc#Old_Irish	fem ā-stem
muileann	muilenn			m	attested		https://en.wiktionary.org/wiki/muileann	unattested: stem class not shown in sources consulted; OI muilenn is a Wiktionary redlink (no dedicated entry exists); gender m given in etymology gloss; genitive/stem unattested in sources consulted; borrowed from Late Latin molinum
muintir	muinter	muintire	ā	f	attested		https://en.wiktionary.org/wiki/muinter#Old_Irish	fem ā-stem; modern muintir originally the dative singular
muir	muir	moro	i	n	attested		https://en.wiktionary.org/wiki/muir#Old_Irish	neuter i-stem; gen sg also attested as "mora" (confirmed directly from declension table)
Muir-	muir	moro	i	n	attested		https://en.wiktionary.org/wiki/muir	name-formation element; neuter i-stem, gen moro or mora
Muircheartach	Muirchertach		indecl	m	attested		https://en.wikipedia.org/wiki/Muirchertach	indecl by decision (plan Task 3): whole-name row with no Old Irish lemma or declension found (Wiktionary has no Muirchertach page, 2026-08-27); genitive unattested in sources consulted; real class not determined (no Wiktionary OI lemma found); Wikipedia name-article gives Muirchertach as base/older form
Muireann	Muirenn			f	attested		https://en.wikipedia.org/wiki/Muireann	unattested: stem class not shown in sources consulted; genitive unattested in sources consulted
Mumhain	Mumu	Mumen	n	f	attested		digest §10.6 ; strachan1909 p.15	n-stem; alternative genitive Muman
Máire	Maire			f	attested		https://en.wiktionary.org/wiki/Muire	unattested: stem class not shown in sources consulted; Muire's Wiktionary etymology states "From Old Irish Maire, from Latin Maria"; Máire itself is described as a doublet of Muire continuing the same Old Irish form; no declension table found, so genitive/stem unattested in sources consulted
máthair	máthir	máthar	r	f	attested		https://en.wiktionary.org/wiki/m%C3%A1thir#Old_Irish ; https://en.wiktionary.org/wiki/m%C3%A1thair	real class: feminine r-stem (kinship noun)
Méabh	Medb	Meidbe	ā	f	middle		https://en.wiktionary.org/wiki/Medb#Middle_Irish ; https://en.wikipedia.org/wiki/Medb	Middle Irish only; no Old Irish attestation found (harvest log, unresolved); Wiktionary labels Medb Middle Irish (f, gen Meidbe, acc/dat Meidb); ā by the palatalised -e genitive, class not stated. SOURCE CONFLICT: Wikipedia's Medb article says "In Old Irish her name is Medb" — kept in the middle tier per plan Task 4, owner may promote
mí	mí	mís	irregular	m	attested		https://en.wiktionary.org/wiki/m%C3%AD#Old_Irish	irregular root-noun declension; masc, gen mís
mín	mín		i		attested		https://en.wiktionary.org/wiki/mín	no nominal paradigm: adjective; adjective, i-stem class; inflects by agreement
mór	mór		o		attested		https://en.wiktionary.org/wiki/mór	no nominal paradigm: adjective; alternative attested spelling már. adjective, o/ā class; suppletive comparative mó/moü/moä/moö, superlative moäm
naofa					none	late	https://en.wiktionary.org/wiki/naofa	Irish formation: naomh + -tha; not itself an attested OI word
naoi	noí				attested		https://en.wiktionary.org/wiki/naoi	no nominal paradigm: numeral; numeral
naomh	noíb	noíb	o	m	attested		https://en.wiktionary.org/wiki/no%C3%ADb#Old_Irish ; https://en.wiktionary.org/wiki/naomh	OI noíb is an o/ā-stem adjective ("holy, sacred") nominalized to mean "saint"; masc gen sg identical in spelling to nom sg
nead	net	nit	o	m	attested		https://en.wiktionary.org/wiki/net#Old_Irish ; https://en.wiktionary.org/wiki/nead	masculine o-stem ("nest"); genitive corrected to nit in sample verification
neamh	nem	nime	s	n	attested		https://en.wiktionary.org/wiki/nem	paradigm word: true class s-stem neuter, matches hint exactly (genitive nime)
Neasa	Nessa	Nessa	ā	f	attested		digest §10.6 ; https://en.wikipedia.org/wiki/Ness_(Irish_mythology)	digest prints Nes(s)a (alternative spelling Nesa; Wikipedia: Old Irish Ness, also Nessa); genitive Nessa is the digest's own formation example Conchobar mac Nessa (§10.6); ā-stem (iā) per plan Task 3 / S23 — the class is not stated by a source, it is the class consistent with nom Nessa, gen Nessa
Niall	Níall	Néill	o	m	attested		https://en.wiktionary.org/wiki/N%C3%ADall	name-formation element
Niamh	ném				attested		https://en.wiktionary.org/wiki/Niamh	unattested: stem class not shown in sources consulted; corrected in the second verification pass: the harvest had mapped Niamh onto nem 'heaven, sky' (s-stem n, gen nime), but the cited etymology derives it from Old Irish ném 'lustre' via Middle Irish níam — a different lexeme with no Old Irish lemma page, so the s-stem genitive was not this word's; genitive unattested in sources consulted
nua	nuae		o		attested		https://en.wiktionary.org/wiki/nua	no nominal paradigm: adjective; adjective, io/iā class; inflects by agreement
Nuadha	Núadu	Núadat	dental	m	attested		https://en.wiktionary.org/wiki/N%C3%BAadu	paradigm word: t-stem (dental) masculine, matches hint exactly (genitive Núadat)
Nuala	Finnguala			f	attested		https://en.wiktionary.org/wiki/Nuala	unattested: stem class not shown in sources consulted; Nuala's etymology page states it is a shortened form "from Old Irish Finnguala, from find ('fair') + guala ('shoulder')"; no dedicated Old Irish declension page for Finnguala was found, so genitive/stem unattested in sources consulted
nós	nós				attested		https://en.wiktionary.org/wiki/n%C3%B3s	unattested: stem class not shown in sources consulted; two etymologies both from Old Irish nós; no dedicated OI entry on Wiktionary, genitive/stem/gender unattested in sources consulted
ocht	ocht				attested		https://en.wiktionary.org/wiki/ocht	no nominal paradigm: numeral; numeral
Odhrán	Odrán			m	attested		https://en.wiktionary.org/wiki/Odhr%C3%A1n	unattested: stem class not shown in sources consulted; explicit "from Old Irish Odrán"; genitive unattested
Oisín	Oisín			m	middle		https://en.wiktionary.org/wiki/ois%C3%ADn#Middle_Irish	unattested: stem class not shown; Middle Irish only; no Old Irish attestation found (harvest log, unresolved). The Middle Irish common noun oisín "fawn" (m) lists the proper noun Oisín as a derived term; no Oisín lemma of its own
olc	olc		o		attested		https://en.wiktionary.org/wiki/olc	no nominal paradigm: adjective; adjective, o/ā class; suppletive comparative messa
oíche	adaig	aidche	ā	f	attested		https://en.wiktionary.org/wiki/adaig#Old_Irish ; https://en.wiktionary.org/wiki/o%C3%ADche	real class: feminine ī-stem, mapped to ā; modern oíche continues the OI oblique stem aidche, not nom sg adaig; alt gen aithche
peann	penn	peinne	ā	f	attested		https://en.wiktionary.org/wiki/penn#Old_Irish ; https://en.wiktionary.org/wiki/peann	OI penn itself a loan < Latin penna "feather"
portach					none	late	https://en.wiktionary.org/wiki/portach	from port (loan < Latin portus, well attested OI masc o-stem) + relational suffix -ach; the compound "portach" itself is not attested as an OI or MidIr form in Wiktionary's etymology or elsewhere consulted
Pádraig	Pátraic		indecl	m	attested		https://en.wikipedia.org/wiki/Saint_Patrick ; digest §10.5	Wikipedia: "the Latin name Pātricius evolved into Old Irish as Pátraic"; indeclinable per digest §10.5 (Patraic listed among the indeclinable nouns); distinct from the earlier-replaced Old Irish borrowing Cothraige; spelling Pátraic chosen over the digest's Patraic (plan Task 3, R31b)
Pátraic	Pátraic		indecl	m	attested		digest §10.5 ; digest §10.6	indeclinable (digest §10.5, wiki-old-irish-grammar Indeclinable nouns); keyed by the Old Irish form — the modern key Pádraig is a separate row; spelling unified to Pátraic with the fada (plan Task 3, R31b): the digest prints Patraic, Wikipedia and the Mac Gilla Pátraic article print Pátraic
rua	rúad		o		attested		https://en.wiktionary.org/wiki/rua	no nominal paradigm: adjective; adjective, o/ā class; inflects by agreement
Ruairí	Ruaidrí	Ruadrach	velar	m	attested		https://en.wiktionary.org/wiki/Ruaidr%C3%AD	real class: g-stem (velar stem)
ráth	ráth	ráithe	ā	m	attested		https://en.wiktionary.org/wiki/r%C3%A1th#Old_Irish	etymology 2, earthen rampart/fort sense (matches modern placename usage); gender given as m or f, ā-stem
réalta	rétglu	rétglann	n	f	attested		https://en.wiktionary.org/wiki/r%C3%A9tglu#Old_Irish	fem n-stem; modern réalta < Middle Irish rétlu < OI rétglu
rí	rí	ríg	velar	m	attested		https://en.wiktionary.org/wiki/r%C3%AD#Old_Irish	real class is g-stem/velar-stem
rígain	rígain	rígnae	ā	f	attested		https://en.wiktionary.org/wiki/r%C3%ADgain	paradigm word: ī-stem feminine (mapped to ā); keyed by the Old Irish form — no single standard modern reflex. paradigm word: ī-stem feminine (mapped to ā), matches hint exactly
Rónán	Rónán	Rónáin		m	attested		digest §10.6	unattested: stem class not shown in sources consulted; stem class not stated in the digest; the genitive Rónáin shows a palatalized final (o-stem pattern). Wiktionary has no Old Irish entry for this name — the digest citation is what carries it
Sadhbh	Sadb			f	attested		https://en.wiktionary.org/wiki/Sadhbh	unattested: stem class not shown in sources consulted; explicit "from Middle Irish Sadb, from Old Irish Sadb"; genitive unattested
saibhir	saidbir		i		attested		https://en.wiktionary.org/wiki/saibhir	no nominal paradigm: adjective; adjective, i-stem class; inflects by agreement
saoi	suí	suad	dental	m	attested		https://en.wiktionary.org/wiki/su%C3%AD#Old_Irish ; https://en.wiktionary.org/wiki/saoi	dental stem (sga-decl-t&d) m, gen suad (page prints süad, hiatus mark dropped), nom pl suïd; "sage, scholar". Harvest listed this as unresolved (Middle Irish suí only); the Old Irish suí section exists and derives saoi via Middle Irish suí, so the row is attested, not middle (Task 4)
Saoirse					none	late	https://en.wiktionary.org/wiki/Saoirse	Modern personal name from the common noun "saoirse" ("freedom"); a later (20th-century) coinage as a given name, not attested as a personal name in Old Irish
saol	saegul	saeguil	o	m	attested		https://en.wiktionary.org/wiki/saegul#Old_Irish ; https://en.wiktionary.org/wiki/saol	OI saegul "lifetime, world" < Latin saeculum; masc o-stem
sciath	scíath	scéith	o	m	attested		https://en.wiktionary.org/wiki/sc%C3%ADath#Old_Irish	gender given as m or f
scéal	scél	scéuil	o	n	attested		https://en.wiktionary.org/wiki/sc%C3%A9l#Old_Irish ; https://en.wiktionary.org/wiki/sc%C3%A9al	neuter o-stem
seacht	secht				attested		https://en.wiktionary.org/wiki/seacht	no nominal paradigm: numeral; numeral
Seadanta	Sétanta			m	attested		digest §10.6	unattested: stem class not shown in sources consulted; genitive unattested in sources consulted
sean	sen		o		attested		https://en.wiktionary.org/wiki/sen	no nominal paradigm: adjective; adjective, o/ā class (sga-decl-adj-o-a template); comparative siniu, superlative sinem
searbh	serb		o		attested		https://en.wiktionary.org/wiki/searbh	no nominal paradigm: adjective; adjective, o/ā class; inflects by agreement
seirbhís					none	loan	https://en.wiktionary.org/wiki/seirbh%C3%ADs	from Middle Irish seirbís < Latin servitium (via Old French servise); confirmed post-OI loan, no OI form attested
Seán					none	loan	https://en.wiktionary.org/wiki/Se%C3%A1n	Borrowed from Old French/Anglo-Norman Jehan < Latin Iohannes; postdates Old Irish period, doublet of Eoin
Siobhán					none	loan	https://en.wiktionary.org/wiki/Siobh%C3%A1n	From earlier Sibán < Anglo-Norman Jehane/Jehanne; Sibán is a post-Old-Irish (Norman-period) form, not itself Old Irish
sionnach	sinnach	sinnaig	o	m	attested		https://en.wiktionary.org/wiki/sinnach#Old_Irish	masc o-stem
sliabh	slíab	sléibe	s	n	attested		https://en.wiktionary.org/wiki/sl%C3%ADab#Old_Irish ; https://en.wiktionary.org/wiki/sliabh	real class is s-stem (neuter); alt gen slébe also attested
sluagh	slóg	slóig	o	m	attested		https://en.wiktionary.org/wiki/sl%C3%B3g#Old_Irish	modern sluagh (superseded spelling of slua) < Middle Irish slúag < OI slóg
sméar	smér				middle		https://en.wiktionary.org/wiki/sm%C3%A9ar	unattested: gender and stem class not shown; Middle Irish only; no Old Irish attestation found (harvest log, unresolved). The Irish entry's etymology gives Middle Irish smér (DIL 38041), from Proto-Celtic *smiyoros; no smér lemma exists on Wiktionary
sneachta	snechtae	snechtai	o	m	attested		https://en.wiktionary.org/wiki/snechtae#Old_Irish ; https://en.wiktionary.org/wiki/sneachta	real class: masculine io-stem, mapped to o per convention
snámh	snám	snáma	u	m	attested		https://en.wiktionary.org/wiki/snámh	noun, masculine u-stem; verbal noun of OI snaïd "swims"
Sorcha	sorchae			f	attested		https://en.wiktionary.org/wiki/Sorcha ; https://en.wiktionary.org/wiki/sorchae	unattested: stem class not shown in sources consulted; OI "sorchae" is an adjective ("bright, luminous"); stem class not given on its Wiktionary page, so left empty; gender assigned as f matching the feminine given name usage, not independently confirmed for the adjective
speal					none	loan	https://en.wiktionary.org/wiki/speal	from Middle Irish spelaid, per DIL from Middle English "pelen"; confirmed loan, no OI ancestor
spraoi					none	loan	https://en.wiktionary.org/wiki/spraoi	borrowed directly from Old Norse sprækr/sprakr ("lively, vigorous"); no Middle/Old Irish stage shown, confirmed loan
srón	srón	sróine	ā	f	attested		https://en.wiktionary.org/wiki/sr%C3%B3n#Old_Irish	
sé	sé				attested		https://en.wiktionary.org/wiki/sé	no nominal paradigm: numeral; numeral
Séamus					none	loan	https://en.wiktionary.org/wiki/S%C3%A9amas	Séamas/Séamus "Borrowed from English James" < Old French < Vulgar Latin Iacomus < Hebrew; no Old Irish path (distinct from the older doublet Iacób)
súil	súil	súlo	i	f	attested		https://en.wiktionary.org/wiki/s%C3%BAil#Old_Irish ; https://en.wiktionary.org/wiki/s%C3%BAil	feminine i-stem; alt gen súla
Tadhg	Tadg			m	middle		https://en.wiktionary.org/wiki/Tadg#Middle_Irish	unattested: stem class not shown (Middle Irish proper noun, m, no inflection table); Middle Irish only; no Old Irish attestation found (harvest log, unresolved)
Tailtiu	Tailltiu	Taillten	n	f	attested		digest §10.6	n-stem
talamh	talam	talman	n	m	attested		https://en.wiktionary.org/wiki/talam#Old_Irish	masc n-stem
taoiseach	toísech	toísig	o	m	attested		https://en.wiktionary.org/wiki/to%C3%ADsech#Old_Irish ; https://en.wiktionary.org/wiki/taoiseach	masc o-stem "leader"
teach	tech	taige	s	n	attested		https://en.wiktionary.org/wiki/tech#Old_Irish ; https://en.wiktionary.org/wiki/teach	real class: neuter s-stem
tine	teine	teined	dental	m	attested		https://en.wiktionary.org/wiki/teine#Old_Irish	masc t-stem, mapped to dental per instructions
tobac					none	loan	https://en.wiktionary.org/wiki/tobac	borrowed via French tabac < Spanish tabaco; definitively post-OI, confirmed loan
trom	trom		o		attested		https://en.wiktionary.org/wiki/trom	no nominal paradigm: adjective; adjective, o/ā class; inflects by agreement
tréan	trén		o		attested		https://en.wiktionary.org/wiki/tréan	no nominal paradigm: adjective; adjective, o/ā class; inflects by agreement
trí	trí				attested		https://en.wiktionary.org/wiki/trí	no nominal paradigm: numeral; numeral
tuath	túath	túaithe	ā	f	attested		https://en.wiktionary.org/wiki/t%C3%BAath#Old_Irish ; https://en.wiktionary.org/wiki/tuath	feminine ā-stem
Tuathal	Túathal			m	attested		https://en.wikipedia.org/wiki/Tuathal_Techtmar	unattested: stem class not shown in sources consulted; explicit "(Old Irish: ...)" IPA label; genitive unattested
téarma					none	loan	https://en.wiktionary.org/wiki/t%C3%A9arma	borrowed from Middle English terme < Old French terme < Latin terminus; confirmed loan, no OI ancestor
tír	tír	tíre	s	n	attested		https://en.wiktionary.org/wiki/t%C3%ADr#Old_Irish	real class is s-stem (neuter), mapped to irregular per instructions
ua	aue	aui	o	m	attested		https://en.wiktionary.org/wiki/aue#Old_Irish ; https://en.wiktionary.org/wiki/ua	name-formation element; corrected in the second verification pass: the modern page derives ua from Old Irish aue (io-stem m, mapped to o; gen aui, alt ui), so oi_nom 'ua' was a modern/Middle Irish form, not the Old Irish one; nom pl ui; the page labels modern ua an archaic form of ó
uasal	úasal		o		attested		https://en.wiktionary.org/wiki/uasal	no nominal paradigm: adjective; adjective, o/ā class; inflects by agreement
uisce	uisce	uisci	o	m	attested		https://en.wiktionary.org/wiki/uisce#Old_Irish	real class is io-stem, mapped to o
Ulaidh	Ulaid	Ulad	o	m	attested		digest §10.6 ; https://en.wiktionary.org/wiki/Ulaid#Old_Irish	ethnonym, plural-only masculine o-stem (Wiktionary: proper noun m-p, class o-m); oi_gen is the genitive plural Ulad
Éadaoin	Étaín			f	attested		https://en.wiktionary.org/wiki/%C3%89adaoin	unattested: stem class not shown in sources consulted; genitive unattested; gender inferred (Étaín, mythological heroine)
éadrom	étrum		o		attested		https://en.wiktionary.org/wiki/éadrom	no nominal paradigm: adjective; adjective, o/ā class; inflects by agreement
éan	én	éuin	o	m	attested		https://en.wiktionary.org/wiki/%C3%A9n#Old_Irish ; https://en.wiktionary.org/wiki/%C3%A9an	masculine o-stem; alt gen éoin
Éimhear	Emer			f	attested		https://en.wiktionary.org/wiki/Emer	unattested: stem class not shown in sources consulted; genitive unattested; gender inferred (Emer, wife of Cú Chulainn)
Éire	Ériu	Érenn	n	f	attested		https://en.wiktionary.org/wiki/%C3%89riu	paradigm word: n-stem feminine, matches hint exactly (genitive Érenn)
Íde	Íte			f	attested		https://en.wikipedia.org/wiki/Ite_of_Killeedy	unattested: stem class not shown in sources consulted; genitive unattested; also known as Íde, Ita, Ida, Ides per article
óg	óc		o		attested		https://en.wiktionary.org/wiki/óg	no nominal paradigm: adjective; adjective, o/ā class; comparative óa, superlative óam
ór	ór	óir	o	n	attested		https://en.wiktionary.org/wiki/%C3%B3r#Old_Irish	borrowed from Latin aurum
